result_format: 4
explain_protocol: 0
drop table if exists t1, t2;
create table t1 (c1 int  primary key, c2 int) partition by hash(c1) partitions 8;
create table t2 (c1 int  primary key, c2 int) partition by hash(c1) partitions 8;

select /*+ use_px parallel(4) use_merge(t1, t2) leading(t1, t2) */ * from t1, t2 where t1.c2 = t2.c2;
+----+------+----+------+
| c1 | c2   | c1 | c2   |
+----+------+----+------+
+----+------+----+------+

select /*+ use_px parallel(4) use_merge(t1, t2) leading(t1, t2) */ * from t1, t2 where t1.c1 = t2.c2 and t1.c1 = 1;
+----+------+----+------+
| c1 | c2   | c1 | c2   |
+----+------+----+------+
+----+------+----+------+

insert into t2 values (1, 1);
insert into t2 values (2, 1);
insert into t2 values (3, 1);
insert into t2 values (4, 1);
insert into t2 values (5, 1);
insert into t2 values (6, 1);
insert into t2 values (7, 1);
insert into t2 values (8, 1);

select /*+ use_px parallel(4) use_merge(t1, t2) leading(t1, t2) */ * from t1, t2 where t1.c2 = t2.c2;
+----+------+----+------+
| c1 | c2   | c1 | c2   |
+----+------+----+------+
+----+------+----+------+

select /*+ use_px parallel(4) use_merge(t1, t2) leading(t1, t2) */ * from t1, t2 where t1.c1 = t2.c2 and t1.c1 = 1;
+----+------+----+------+
| c1 | c2   | c1 | c2   |
+----+------+----+------+
+----+------+----+------+

insert into t1 values (1, 1);
insert into t1 values (2, 1);
select /*+ use_px parallel(4) use_merge(t1, t2) leading(t1, t2) */ t1.c1 + t2.c2 > 1  from t1, t2 where t1.c1 = t2.c2 and t1.c1 = 1 limit 1;
+-------------------+
| t1.c1 + t2.c2 > 1 |
+-------------------+
|                 1 |
+-------------------+
select /*+ use_px parallel(4) use_hash(t1, t2) leading(t1, t2) */ t1.c1 + t2.c2 > 1 from t1, t2 where t1.c2 = t2.c2 limit 1;
+-------------------+
| t1.c1 + t2.c2 > 1 |
+-------------------+
|                 1 |
+-------------------+

