set ob_query_timeout=1000000000;
drop database if exists px_test;
create database px_test;
use px_test;
create table stu (
sid     int,
name    varchar(32),
cls     int,
primary key (cls, sid)
) partition by hash(sid) partitions 6;
create table teacher (
tid        int,
name       varchar(32),
subject    varchar(4),
primary key (tid)
) partition by hash(tid) partitions 8;
create table score (
sid     int,
subject varchar(4),
score   int,
primary key (sid, subject)
) partition by hash(sid) partitions 6;
insert into stu values
(11, 'a1', 1),
(12, 'b1', 1),
(13, 'c1', 1),
(21, 'a2', 2),
(22, 'b2', 2),
(31, 'a3', 3),
(41, 'a4', 4),
(42, 'b4', 4),
(51, 'a5', 5),
(52, 'b5', 5),
(61, 'a6', 6),
(62, 'b6', 6),
(63, 'c6', 6),
(64, 'd6', 6);
insert into teacher values
(1, 'Miss Zhang', 'EN'),
(2, 'Mr Wang', 'MA');
insert into score values
(11, 'EN', 60),
(12, 'EN', 70),
(13, 'EN', 80),
(21, 'EN', 58),
(22, 'EN', 90),
(31, 'EN', 80),
(41, 'EN', 80),
(42, 'EN', 90),
(51, 'EN', 89),
(52, 'EN', 99),
(61, 'EN', 100),
(62, 'EN', 90),
(63, 'EN', 99),
(64, 'EN', 87);
insert into score values
(11, 'MA', 60),
(12, 'MA', 70),
(13, 'MA', 80),
(21, 'MA', 58),
(22, 'MA', 90),
(31, 'MA', 80),
(41, 'MA', 80),
(42, 'MA', 90),
(51, 'MA', 89),
(52, 'MA', 99),
(61, 'MA', 100),
(62, 'MA', 90),
(63, 'MA', 99),
(64, 'MA', 87);
select * from stu;
sid	name	cls
11	a1	1
12	b1	1
13	c1	1
21	a2	2
22	b2	2
31	a3	3
41	a4	4
42	b4	4
51	a5	5
52	b5	5
61	a6	6
62	b6	6
63	c6	6
64	d6	6
select /*+ USE_PX parallel(2) */ * from stu;
sid	name	cls
11	a1	1
12	b1	1
13	c1	1
21	a2	2
22	b2	2
31	a3	3
41	a4	4
42	b4	4
51	a5	5
52	b5	5
61	a6	6
62	b6	6
63	c6	6
64	d6	6
select /*+ USE_PX parallel(6) */ * from stu;
sid	name	cls
11	a1	1
12	b1	1
13	c1	1
21	a2	2
22	b2	2
31	a3	3
41	a4	4
42	b4	4
51	a5	5
52	b5	5
61	a6	6
62	b6	6
63	c6	6
64	d6	6
select /*+ USE_PX parallel(18) */ * from stu;
sid	name	cls
11	a1	1
12	b1	1
13	c1	1
21	a2	2
22	b2	2
31	a3	3
41	a4	4
42	b4	4
51	a5	5
52	b5	5
61	a6	6
62	b6	6
63	c6	6
64	d6	6
select /*+ USE_PX parallel(28) */ name, cls from stu;
name	cls
a1	1
a2	2
a3	3
a4	4
a5	5
a6	6
b1	1
b2	2
b4	4
b5	5
b6	6
c1	1
c6	6
d6	6
select * from teacher;
tid	name	subject
1	Miss Zhang	EN
2	Mr Wang	MA
select /*+ USE_PX parallel(2) */ * from teacher;
tid	name	subject
1	Miss Zhang	EN
2	Mr Wang	MA
select /*+ USE_PX parallel(6) */ * from teacher;
tid	name	subject
1	Miss Zhang	EN
2	Mr Wang	MA
select /*+ USE_PX parallel(8) */ * from teacher;
tid	name	subject
1	Miss Zhang	EN
2	Mr Wang	MA
select /*+ USE_PX parallel(18) */ name from teacher;
name
Miss Zhang
Mr Wang
select * from score;
sid	subject	score
11	EN	60
11	MA	60
12	EN	70
12	MA	70
13	EN	80
13	MA	80
21	EN	58
21	MA	58
22	EN	90
22	MA	90
31	EN	80
31	MA	80
41	EN	80
41	MA	80
42	EN	90
42	MA	90
51	EN	89
51	MA	89
52	EN	99
52	MA	99
61	EN	100
61	MA	100
62	EN	90
62	MA	90
63	EN	99
63	MA	99
64	EN	87
64	MA	87
select /*+ USE_PX parallel(2) */ * from score;
sid	subject	score
11	EN	60
11	MA	60
12	EN	70
12	MA	70
13	EN	80
13	MA	80
21	EN	58
21	MA	58
22	EN	90
22	MA	90
31	EN	80
31	MA	80
41	EN	80
41	MA	80
42	EN	90
42	MA	90
51	EN	89
51	MA	89
52	EN	99
52	MA	99
61	EN	100
61	MA	100
62	EN	90
62	MA	90
63	EN	99
63	MA	99
64	EN	87
64	MA	87
select /*+ USE_PX parallel(6) */ * from score;
sid	subject	score
11	EN	60
11	MA	60
12	EN	70
12	MA	70
13	EN	80
13	MA	80
21	EN	58
21	MA	58
22	EN	90
22	MA	90
31	EN	80
31	MA	80
41	EN	80
41	MA	80
42	EN	90
42	MA	90
51	EN	89
51	MA	89
52	EN	99
52	MA	99
61	EN	100
61	MA	100
62	EN	90
62	MA	90
63	EN	99
63	MA	99
64	EN	87
64	MA	87
select /*+ USE_PX parallel(8) */ * from score;
sid	subject	score
11	EN	60
11	MA	60
12	EN	70
12	MA	70
13	EN	80
13	MA	80
21	EN	58
21	MA	58
22	EN	90
22	MA	90
31	EN	80
31	MA	80
41	EN	80
41	MA	80
42	EN	90
42	MA	90
51	EN	89
51	MA	89
52	EN	99
52	MA	99
61	EN	100
61	MA	100
62	EN	90
62	MA	90
63	EN	99
63	MA	99
64	EN	87
64	MA	87
select /*+ USE_PX parallel(18) */ score, sid from score;
score	sid
100	61
100	61
58	21
58	21
60	11
60	11
70	12
70	12
80	13
80	13
80	31
80	31
80	41
80	41
87	64
87	64
89	51
89	51
90	22
90	22
90	42
90	42
90	62
90	62
99	52
99	52
99	63
99	63
select /*+ USE_PX parallel(3) */ * from score where score > 60 and score < 90;
sid	subject	score
12	EN	70
12	MA	70
13	EN	80
13	MA	80
31	EN	80
31	MA	80
41	EN	80
41	MA	80
51	EN	89
51	MA	89
64	EN	87
64	MA	87
select /*+ USE_PX parallel(3) */ * from score where score > 60 and score < 90 and subject = 'MA';
sid	subject	score
12	MA	70
13	MA	80
31	MA	80
41	MA	80
51	MA	89
64	MA	87
select /*+ USE_PX parallel(3) */ * from score where score > 60 and score < 90 and subject IN ('MA', 'EN', 'HIS');
sid	subject	score
12	EN	70
12	MA	70
13	EN	80
13	MA	80
31	EN	80
31	MA	80
41	EN	80
41	MA	80
51	EN	89
51	MA	89
64	EN	87
64	MA	87
select /*+ USE_PX parallel(3) */ * from score where sid >=20 and sid <= 40 and score > 60 and score < 90 and subject IN ('MA', 'EN', 'HIS');
sid	subject	score
31	EN	80
31	MA	80
select /*+ USE_PX parallel(3) */ * from score where sid IN (41, 51) and score > 60 and score < 90 and subject IN ('MA', 'EN', 'HIS');
sid	subject	score
41	EN	80
41	MA	80
51	EN	89
51	MA	89
select /*+ USE_PX parallel(2) */ * from stu order by name desc;
sid	name	cls
64	d6	6
63	c6	6
13	c1	1
62	b6	6
52	b5	5
42	b4	4
22	b2	2
12	b1	1
61	a6	6
51	a5	5
41	a4	4
31	a3	3
21	a2	2
11	a1	1
select /*+ USE_PX parallel(2) */ * from stu order by name;
sid	name	cls
11	a1	1
21	a2	2
31	a3	3
41	a4	4
51	a5	5
61	a6	6
12	b1	1
22	b2	2
42	b4	4
52	b5	5
62	b6	6
13	c1	1
63	c6	6
64	d6	6
select /*+ USE_PX parallel(2) */ * from stu order by name limit 3;
sid	name	cls
11	a1	1
21	a2	2
31	a3	3
create table t11 (c1 int, c2 int, c3 int, c4 int) partition by hash(c1);
select /*+use_px parallel(2) read_consistency(weak) */ t0.c1 from (select c1,c2 from t11 where t11.c1 BETWEEN 1000000000000001 and 1000000000000500) t0 join (select c1,c2 from t11 where t11.c1 BETWEEN 1000000000000001 and 1000000000000500) t1 on t0.c1=t1.c1 join (select c1,c2 from t11 where t11.c1 BETWEEN 1000000000000001 and 1000000000000500) t2 on t0.c1=t2.c1 join (select c1,c2 from t11 where t11.c1 BETWEEN 1000000000000001 and 1000000000000500) t3 on t0.c1=t3.c1 join (select c1,c2 from t11 where t11.c1 BETWEEN 1000000000000001 and 1000000000000500) t4 on t0.c1=t4.c1 join (select c1,c2 from t11 where t11.c1 BETWEEN 1000000000000001 and 1000000000000500) t5 on t0.c1=t5.c1 join (select c1,c2 from t11 where t11.c1 BETWEEN 1000000000000001 and 1000000000000500) t6 on t0.c1=t6.c1 join (select c1,c2 from t11 where t11.c1 BETWEEN 1000000000000001 and 1000000000000500) t7 on t0.c1=t7.c1 join (select c1,c2 from t11 where t11.c1 BETWEEN 1000000000000001 and 1000000000000500) t8 on t0.c1=t8.c1 join (select c1,c2 from t11 where t11.c1 BETWEEN 1000000000000001 and 1000000000000500) t9 on t0.c1=t9.c1 join (select c1,c2 from t11 where t11.c1 BETWEEN 1000000000000001 and 1000000000000500) t10 on t0.c1=t10.c1 join (select c1,c2 from t11 where t11.c1 BETWEEN 1000000000000001 and 1000000000000500) t11 on t0.c1=t11.c1 join (select c1,c2 from t11 where t11.c1 BETWEEN 1000000000000001 and 1000000000000500) t12 on t0.c1=t12.c1 join (select c1,c2 from t11 where t11.c1 BETWEEN 1000000000000001 and 1000000000000500) t13 on t0.c1=t13.c1 join (select c1,c2 from t11 where t11.c1 BETWEEN 1000000000000001 and 1000000000000500) t14 on t0.c1=t14.c1 join (select c1,c2 from t11 where t11.c1 BETWEEN 1000000000000001 and 1000000000000500) t15 on t0.c1=t15.c1 join (select c1,c2 from t11 where t11.c1 BETWEEN 1000000000000001 and 1000000000000500) t16 on t0.c1=t16.c1 join (select c1,c2 from t11 where t11.c1 BETWEEN 1000000000000001 and 1000000000000500) t17 on t0.c1=t17.c1 join (select c1,c2 from t11 where t11.c1 BETWEEN 1000000000000001 and 1000000000000500) t18 on t0.c1=t18.c1 join (select c1,c2 from t11 where t11.c1 BETWEEN 1000000000000001 and 1000000000000500) t19 on t0.c1=t19.c1;
c1

drop table if exists t1;
create table t1(c1 int primary key, c2 varchar(10)) partition by hash(c1) partitions 2;
insert into t1 values(1, 'aaa'),(2,'bbb');
select * from t1 where c2 not in('', 'xxx');
c1	c2
2	bbb
1	aaa
