result_format: 4
drop database if exists muhangtest;
create database muhangtest;
use muhangtest;
drop table if exists xy_t1, xy_t2;
create table t2(c1 int(11) not null, c2 int(11) not null, c3 int(11) not null, primary key (c1, c2, c3)) partition by hash(c2)
subpartition by range columns(c2) subpartition template( subpartition sp_00 values less than (45), subpartition sp_01 values less than (100));

## left outer join
## OB bug
##select * from t1 left join t2 on t1.c2 = t1.c2;
create table t1 (c1 int(11) not null, c2 int(11) not null, c3 int(11) not null, primary key (c1, c2, c3)) ;
##原始结果
select /*+use_px parallel(4) */ * from t1 left join t2 on t1.c2 = t2.c2;
+-----+-----+-----+----+----+----+
| c1  | c2  | c3  | c1 | c2 | c3 |
+-----+-----+-----+----+----+----+
|   1 |   1 |   1 |  1 |  1 |  1 |
|  99 |  99 |  99 | 99 | 99 | 99 |
| 999 | 999 | 999 | NULL | NULL | NULL |
+-----+-----+-----+----+----+----+

##left outer join
select /*+use_px parallel(4) pq_distribute(t1 partition none) */ * from t1 left join t2 on t1.c2 = t2.c2;
+-----+-----+-----+----+----+----+
| c1  | c2  | c3  | c1 | c2 | c3 |
+-----+-----+-----+----+----+----+
|   1 |   1 |   1 |  1 |  1 |  1 |
|  99 |  99 |  99 | 99 | 99 | 99 |
| 999 | 999 | 999 | NULL | NULL | NULL |
+-----+-----+-----+----+----+----+
select /*+use_px parallel(4) pq_distribute(t1 none partition) */ * from t1 left join t2 on t1.c2 = t2.c2;
+-----+-----+-----+----+----+----+
| c1  | c2  | c3  | c1 | c2 | c3 |
+-----+-----+-----+----+----+----+
|   1 |   1 |   1 |  1 |  1 |  1 |
|  99 |  99 |  99 | 99 | 99 | 99 |
| 999 | 999 | 999 | NULL | NULL | NULL |
+-----+-----+-----+----+----+----+
##right outer join
select /*+use_px parallel(4) pq_distribute(t1 none partition) */ * from t2 right join t1 on t1.c2 = t2.c2;
+----+----+----+-----+-----+-----+
| c1 | c2 | c3 | c1  | c2  | c3  |
+----+----+----+-----+-----+-----+
|  1 |  1 |  1 |   1 |   1 |   1 |
| 99 | 99 | 99 |  99 |  99 |  99 |
| NULL | NULL | NULL | 999 | 999 | 999 |
+----+----+----+-----+-----+-----+
select /*+use_px parallel(4) pq_distribute(t1 partition none) */ * from t2 right join t1 on t1.c2 = t2.c2;
+----+----+----+-----+-----+-----+
| c1 | c2 | c3 | c1  | c2  | c3  |
+----+----+----+-----+-----+-----+
|  1 |  1 |  1 |   1 |   1 |   1 |
| 99 | 99 | 99 |  99 |  99 |  99 |
| NULL | NULL | NULL | 999 | 999 | 999 |
+----+----+----+-----+-----+-----+
##full outer join
select /*+use_px parallel(4) pq_distribute(t1 partition none) */ * from t2 full join t1 on t1.c2 = t2.c2;
+----+----+----+-----+-----+-----+
| c1 | c2 | c3 | c1  | c2  | c3  |
+----+----+----+-----+-----+-----+
|  1 |  1 |  1 |   1 |   1 |   1 |
| 99 | 99 | 99 |  99 |  99 |  99 |
| NULL | NULL | NULL | 999 | 999 | 999 |
+----+----+----+-----+-----+-----+
select /*+use_px parallel(4) pq_distribute(t1 none partition) */ * from t2 full join t1 on t1.c2 = t2.c2;
+----+----+----+-----+-----+-----+
| c1 | c2 | c3 | c1  | c2  | c3  |
+----+----+----+-----+-----+-----+
|  1 |  1 |  1 |   1 |   1 |   1 |
| 99 | 99 | 99 |  99 |  99 |  99 |
| NULL | NULL | NULL | 999 | 999 | 999 |
+----+----+----+-----+-----+-----+

## anti
select * from t1 where not exists (select 1 from t2 where t1.c1 = t2.c1);
+-----+-----+-----+
| c1  | c2  | c3  |
+-----+-----+-----+
| 999 | 999 | 999 |
+-----+-----+-----+
select /*+ use_px parallel(2) LEADING(t1, t2) USE_NL(t1, t2) pq_distribute(t2 partition none)*/ * from t1 where not exists (select 1 from t2 where t1.c2 = t2.c2);
+-----+-----+-----+
| c1  | c2  | c3  |
+-----+-----+-----+
| 999 | 999 | 999 |
+-----+-----+-----+
select /*+ use_px parallel(2) LEADING(t1, t2) USE_NL(t1, t2) pq_distribute(t2 none partition)*/ * from t1 where not exists (select 1 from t2 where t1.c2 = t2.c2);
+-----+-----+-----+
| c1  | c2  | c3  |
+-----+-----+-----+
| 999 | 999 | 999 |
+-----+-----+-----+
## semi
select * from t1 where exists (select 1 from t2 where t1.c1 = t2.c1);
+----+----+----+
| c1 | c2 | c3 |
+----+----+----+
|  1 |  1 |  1 |
| 99 | 99 | 99 |
+----+----+----+
select /*+ use_px parallel(2) LEADING(t1, t2) USE_NL(t1, t2) pq_distribute(t2 partition none)*/ * from t1 where exists (select 1 from t2 where t1.c2 = t2.c2);
+----+----+----+
| c1 | c2 | c3 |
+----+----+----+
|  1 |  1 |  1 |
| 99 | 99 | 99 |
+----+----+----+
select /*+ use_px parallel(2) LEADING(t1, t2) USE_NL(t1, t2) pq_distribute(t2 none partition)*/ * from t1 where exists (select 1 from t2 where t1.c2 = t2.c2);
+----+----+----+
| c1 | c2 | c3 |
+----+----+----+
|  1 |  1 |  1 |
| 99 | 99 | 99 |
+----+----+----+

