result_format: 4
drop database if exists muhangtest;
create database muhangtest;
use muhangtest;
set ob_enable_plan_cache = off;
set ob_enable_transformation = false;

drop table if exists t21;
create table t21(a int, b int, c int, d int, e int, primary key(a,b,c,d)) partition by hash(b) 
subpartition by range columns(c,d) 
subpartition template (
subpartition p0 values less than (5,5),  
subpartition p1 values less than (100,100)) partitions 2;
create index gkey on t21(b,c,d) global partition by hash(b) partitions 5;
drop table if exists t22;
create table t22(a int, b int, c int, d int, e int, primary key(a,b,c,d))
partition by range columns(b) subpartition by hash(c) subpartitions 2 ( 
  partition p0 values less than (5),
  partition p1 values less than (maxvalue)
);
create index gkey on t22(b,c,d) global partition by hash(b) partitions 5;
drop table if exists t23;
Warnings:
Note	1051	Unknown table 'muhangtest.t23'
create table t23(a int, b int, c int, d int, e int, primary key(a,b,c,d)) 
partition by range columns(b,d) subpartition by hash(c) subpartitions 2 ( 
  partition p0 values less than (5,5),
  partition p1 values less than (maxvalue,maxvalue)
);
create index gkey on t23(b,c,d) global partition by hash(b) partitions 5;
drop table if exists t24;
create table t24(a int, b int, c int, d int, e int, primary key(a,b,c,d)) partition by hash(b) 
subpartition by list columns(c) 
subpartition template (
subpartition p0 values in (1,2,3,4),  
subpartition p1 values in (default)) partitions 2;
create index gkey on t24(b,c,d) global partition by hash(b) partitions 5;
insert into t24 values(1,1,1,1,1),(2,2,2,2,2),(3,3,3,3,3),(4,4,4,4,4),(5,5,5,5,5),(6,6,6,6,6),(7,7,7,7,7),(8,8,8,8,8),(9,9,9,9,9),(10,10,10,10,10);

drop table if exists t25;
create table t25(a int, b int, c int, d int, e int, primary key(a,b,c,d), key k1(b) local, key k2(c,b) local, key k3(c,d,b) local) partition by hash(b) 
subpartition by list columns(c,d) 
subpartition template (
subpartition p0 values in ((1,1),(2,2),(3,3),(4,4)),  
subpartition p1 values in (default)) partitions 2;
create index gkey on t25(b,c,d) global partition by hash(b) partitions 5;
insert into t25 values(1,1,1,1,1),(2,2,2,2,2),(3,3,3,3,3),(4,4,4,4,4),(5,5,5,5,5),(6,6,6,6,6),(7,7,7,7,7),(8,8,8,8,8),(9,9,9,9,9),(10,10,10,10,10);

select /*+index(t21 gkey)*/ * from t21 where a in (1,2,3,4,5) order by a,b,c,d;
+---+---+---+---+------+
| a | b | c | d | e    |
+---+---+---+---+------+
| 1 | 1 | 1 | 1 |    1 |
| 2 | 2 | 2 | 2 |    2 |
| 3 | 3 | 3 | 3 |    3 |
| 4 | 4 | 4 | 4 |    4 |
| 5 | 5 | 5 | 5 |    5 |
+---+---+---+---+------+
select /*+index(t21 gkey)*/ * from t21 where b in (1,2,3,4,5) order by a,b,c,d;
+---+---+---+---+------+
| a | b | c | d | e    |
+---+---+---+---+------+
| 1 | 1 | 1 | 1 |    1 |
| 2 | 2 | 2 | 2 |    2 |
| 3 | 3 | 3 | 3 |    3 |
| 4 | 4 | 4 | 4 |    4 |
| 5 | 5 | 5 | 5 |    5 |
+---+---+---+---+------+
select /*+index(t21 gkey)*/ * from t21 where (c,b) in ((1,1),(2,2),(3,3),(4,4),(5,5)) order by a,b,c,d;
+---+---+---+---+------+
| a | b | c | d | e    |
+---+---+---+---+------+
| 1 | 1 | 1 | 1 |    1 |
| 2 | 2 | 2 | 2 |    2 |
| 3 | 3 | 3 | 3 |    3 |
| 4 | 4 | 4 | 4 |    4 |
| 5 | 5 | 5 | 5 |    5 |
+---+---+---+---+------+
select /*+index(t21 gkey)*/ * from t21 where (c,d,b) in ((1,1,1),(2,2,2),(3,3,3),(4,4,4),(5,5,5)) order by a,b,c,d;
+---+---+---+---+------+
| a | b | c | d | e    |
+---+---+---+---+------+
| 1 | 1 | 1 | 1 |    1 |
| 2 | 2 | 2 | 2 |    2 |
| 3 | 3 | 3 | 3 |    3 |
| 4 | 4 | 4 | 4 |    4 |
| 5 | 5 | 5 | 5 |    5 |
+---+---+---+---+------+

### test range columns partitioning followed by hash partitioning
select /*+index(t22 gkey)*/ * from t22 where a in (1,2,3,4,5) order by a,b,c,d;
+---+---+---+---+------+
| a | b | c | d | e    |
+---+---+---+---+------+
| 1 | 1 | 1 | 1 |    1 |
| 2 | 2 | 2 | 2 |    2 |
| 3 | 3 | 3 | 3 |    3 |
| 4 | 4 | 4 | 4 |    4 |
| 5 | 5 | 5 | 5 |    5 |
+---+---+---+---+------+
select /*+index(t22 gkey)*/ * from t22 where b in (1,2,3,4,5) order by a,b,c,d;
+---+---+---+---+------+
| a | b | c | d | e    |
+---+---+---+---+------+
| 1 | 1 | 1 | 1 |    1 |
| 2 | 2 | 2 | 2 |    2 |
| 3 | 3 | 3 | 3 |    3 |
| 4 | 4 | 4 | 4 |    4 |
| 5 | 5 | 5 | 5 |    5 |
+---+---+---+---+------+
select /*+index(t22 gkey)*/ * from t22 where (c,b) in ((1,1),(2,2),(3,3),(4,4),(5,5)) order by a,b,c,d;
+---+---+---+---+------+
| a | b | c | d | e    |
+---+---+---+---+------+
| 1 | 1 | 1 | 1 |    1 |
| 2 | 2 | 2 | 2 |    2 |
| 3 | 3 | 3 | 3 |    3 |
| 4 | 4 | 4 | 4 |    4 |
| 5 | 5 | 5 | 5 |    5 |
+---+---+---+---+------+
select /*+index(t22 gkey)*/ * from t22 where (c,d,b) in ((1,1,1),(2,2,2),(3,3,3),(4,4,4),(5,5,5)) order by a,b,c,d;
+---+---+---+---+------+
| a | b | c | d | e    |
+---+---+---+---+------+
| 1 | 1 | 1 | 1 |    1 |
| 2 | 2 | 2 | 2 |    2 |
| 3 | 3 | 3 | 3 |    3 |
| 4 | 4 | 4 | 4 |    4 |
| 5 | 5 | 5 | 5 |    5 |
+---+---+---+---+------+

select /*+index(t23 gkey)*/ * from t23 where a in (1,2,3,4,5) order by a,b,c,d;
+---+---+---+---+------+
| a | b | c | d | e    |
+---+---+---+---+------+
| 1 | 1 | 1 | 1 |    1 |
| 2 | 2 | 2 | 2 |    2 |
| 3 | 3 | 3 | 3 |    3 |
| 4 | 4 | 4 | 4 |    4 |
| 5 | 5 | 5 | 5 |    5 |
+---+---+---+---+------+
select /*+index(t23 gkey)*/ * from t23 where b in (1,2,3,4,5) order by a,b,c,d;
+---+---+---+---+------+
| a | b | c | d | e    |
+---+---+---+---+------+
| 1 | 1 | 1 | 1 |    1 |
| 2 | 2 | 2 | 2 |    2 |
| 3 | 3 | 3 | 3 |    3 |
| 4 | 4 | 4 | 4 |    4 |
| 5 | 5 | 5 | 5 |    5 |
+---+---+---+---+------+
select /*+index(t23 gkey)*/ * from t23 where (c,b) in ((1,1),(2,2),(3,3),(4,4),(5,5)) order by a,b,c,d;
+---+---+---+---+------+
| a | b | c | d | e    |
+---+---+---+---+------+
| 1 | 1 | 1 | 1 |    1 |
| 2 | 2 | 2 | 2 |    2 |
| 3 | 3 | 3 | 3 |    3 |
| 4 | 4 | 4 | 4 |    4 |
| 5 | 5 | 5 | 5 |    5 |
+---+---+---+---+------+
select /*+index(t23 gkey)*/ * from t23 where (c,d,b) in ((1,1,1),(2,2,2),(3,3,3),(4,4,4),(5,5,5)) order by a,b,c,d;
+---+---+---+---+------+
| a | b | c | d | e    |
+---+---+---+---+------+
| 1 | 1 | 1 | 1 |    1 |
| 2 | 2 | 2 | 2 |    2 |
| 3 | 3 | 3 | 3 |    3 |
| 4 | 4 | 4 | 4 |    4 |
| 5 | 5 | 5 | 5 |    5 |
+---+---+---+---+------+

select /*+index(t24 gkey)*/ * from t24 where a in (1,2,3,4,5) order by a,b,c,d;
+---+---+---+---+------+
| a | b | c | d | e    |
+---+---+---+---+------+
| 1 | 1 | 1 | 1 |    1 |
| 2 | 2 | 2 | 2 |    2 |
| 3 | 3 | 3 | 3 |    3 |
| 4 | 4 | 4 | 4 |    4 |
| 5 | 5 | 5 | 5 |    5 |
+---+---+---+---+------+
select /*+index(t24 gkey)*/ * from t24 where b in (1,2,3,4,5) order by a,b,c,d;
+---+---+---+---+------+
| a | b | c | d | e    |
+---+---+---+---+------+
| 1 | 1 | 1 | 1 |    1 |
| 2 | 2 | 2 | 2 |    2 |
| 3 | 3 | 3 | 3 |    3 |
| 4 | 4 | 4 | 4 |    4 |
| 5 | 5 | 5 | 5 |    5 |
+---+---+---+---+------+
select /*+index(t24 gkey)*/ * from t24 where (c,b) in ((1,1),(2,2),(3,3),(4,4),(5,5)) order by a,b,c,d;
+---+---+---+---+------+
| a | b | c | d | e    |
+---+---+---+---+------+
| 1 | 1 | 1 | 1 |    1 |
| 2 | 2 | 2 | 2 |    2 |
| 3 | 3 | 3 | 3 |    3 |
| 4 | 4 | 4 | 4 |    4 |
| 5 | 5 | 5 | 5 |    5 |
+---+---+---+---+------+
select /*+index(t24 gkey)*/ * from t24 where (c,d,b) in ((1,1,1),(2,2,2),(3,3,3),(4,4,4),(5,5,5)) order by a,b,c,d;
+---+---+---+---+------+
| a | b | c | d | e    |
+---+---+---+---+------+
| 1 | 1 | 1 | 1 |    1 |
| 2 | 2 | 2 | 2 |    2 |
| 3 | 3 | 3 | 3 |    3 |
| 4 | 4 | 4 | 4 |    4 |
| 5 | 5 | 5 | 5 |    5 |
+---+---+---+---+------+

select /*+index(t25 gkey)*/ * from t25 where a in (1,2,3,4,5) order by a,b,c,d;
+---+---+---+---+------+
| a | b | c | d | e    |
+---+---+---+---+------+
| 1 | 1 | 1 | 1 |    1 |
| 2 | 2 | 2 | 2 |    2 |
| 3 | 3 | 3 | 3 |    3 |
| 4 | 4 | 4 | 4 |    4 |
| 5 | 5 | 5 | 5 |    5 |
+---+---+---+---+------+
select /*+index(t25 gkey)*/ * from t25 where b in (1,2,3,4,5) order by a,b,c,d;
+---+---+---+---+------+
| a | b | c | d | e    |
+---+---+---+---+------+
| 1 | 1 | 1 | 1 |    1 |
| 2 | 2 | 2 | 2 |    2 |
| 3 | 3 | 3 | 3 |    3 |
| 4 | 4 | 4 | 4 |    4 |
| 5 | 5 | 5 | 5 |    5 |
+---+---+---+---+------+
select /*+index(t25 gkey)*/ * from t25 where (c,b) in ((1,1),(2,2),(3,3),(4,4),(5,5)) order by a,b,c,d;
+---+---+---+---+------+
| a | b | c | d | e    |
+---+---+---+---+------+
| 1 | 1 | 1 | 1 |    1 |
| 2 | 2 | 2 | 2 |    2 |
| 3 | 3 | 3 | 3 |    3 |
| 4 | 4 | 4 | 4 |    4 |
| 5 | 5 | 5 | 5 |    5 |
+---+---+---+---+------+
select /*+index(t25 gkey)*/ * from t25 where (c,d,b) in ((1,1,1),(2,2,2),(3,3,3),(4,4,4),(5,5,5)) order by a,b,c,d;
+---+---+---+---+------+
| a | b | c | d | e    |
+---+---+---+---+------+
| 1 | 1 | 1 | 1 |    1 |
| 2 | 2 | 2 | 2 |    2 |
| 3 | 3 | 3 | 3 |    3 |
| 4 | 4 | 4 | 4 |    4 |
| 5 | 5 | 5 | 5 |    5 |
+---+---+---+---+------+

