result_format: 4
drop database if exists muhangtest;
create database muhangtest;
use muhangtest;
set ob_enable_plan_cache = off;
set ob_enable_transformation = false;

drop table if exists t1;
create table t1(a int, b int, c int, d int, e int, primary key(a,b,c,d)) partition by hash(b) partitions 2;
create index gkey on t1(b,c,d) global partition by hash(b) partitions 5;
drop table if exists t2;
create table t2(a int, b int, c int, d int, e int, primary key(a,b,c,d)) partition by hash(c+1) partitions 3;
create index gkey on t2(b,c,d) global partition by hash(b) partitions 5;
drop table if exists t3;
create table t3(a int, b int, c int, d int, e int, primary key(a,b,c,d)) partition by hash(b+c) partitions 4;
create index gkey on t3(b,c,d) global partition by hash(b) partitions 5;
drop table if exists t4;
create table t4(a int, b int, c int, d int, e int, primary key(a,b,c,d)) partition by hash(b+c+d) partitions 5;
create index gkey on t4(b,c,d) global partition by hash(b) partitions 5;
##     1.2 test key partition
drop table if exists t5;
create table t5(a int, b int, c int, d int, e int, primary key(a,b,c,d)) partition by key(b) partitions 2;
create index gkey on t5(b,c,d) global partition by hash(b) partitions 5;
use muhangtest;

## build tables
##     part one 测试各种分区方式下，能否正确的将index rowkey发送到正确的主表分区。
##     注意，目前list column分区相关的case插入可能会出现ERROR 6002 (40000): Transaction rollbacked， 这里需要被修复.
##     part tow 测试多轮的读取是否会出错
##     part three 生成列
##     part one 
##     1.1 test hash partition
select /*+index(t1 gkey)*/ * from t1 where a in (1,2,3,4,5) order by a,b,c,d;
+---+---+---+---+------+
| a | b | c | d | e    |
+---+---+---+---+------+
| 1 | 1 | 1 | 1 |    1 |
| 2 | 2 | 2 | 2 |    2 |
| 3 | 3 | 3 | 3 |    3 |
| 4 | 4 | 4 | 4 |    4 |
| 5 | 5 | 5 | 5 |    5 |
+---+---+---+---+------+
select /*+index(t1 gkey)*/ * from t1 where b in (1,2,3,4,5) order by a,b,c,d;
+---+---+---+---+------+
| a | b | c | d | e    |
+---+---+---+---+------+
| 1 | 1 | 1 | 1 |    1 |
| 2 | 2 | 2 | 2 |    2 |
| 3 | 3 | 3 | 3 |    3 |
| 4 | 4 | 4 | 4 |    4 |
| 5 | 5 | 5 | 5 |    5 |
+---+---+---+---+------+
select /*+index(t1 gkey)*/ * from t1 where (c,b) in ((1,1),(2,2),(3,3),(4,4),(5,5)) order by a,b,c,d;
+---+---+---+---+------+
| a | b | c | d | e    |
+---+---+---+---+------+
| 1 | 1 | 1 | 1 |    1 |
| 2 | 2 | 2 | 2 |    2 |
| 3 | 3 | 3 | 3 |    3 |
| 4 | 4 | 4 | 4 |    4 |
| 5 | 5 | 5 | 5 |    5 |
+---+---+---+---+------+
select /*+index(t1 gkey)*/ * from t1 where (c,d,b) in ((1,1,1),(2,2,2),(3,3,3),(4,4,4),(5,5,5)) order by a,b,c,d;
+---+---+---+---+------+
| a | b | c | d | e    |
+---+---+---+---+------+
| 1 | 1 | 1 | 1 |    1 |
| 2 | 2 | 2 | 2 |    2 |
| 3 | 3 | 3 | 3 |    3 |
| 4 | 4 | 4 | 4 |    4 |
| 5 | 5 | 5 | 5 |    5 |
+---+---+---+---+------+

select /*+index(t2 gkey)*/ * from t2 where a in (1,2,3,4,5) order by a,b,c,d;
+---+---+---+---+------+
| a | b | c | d | e    |
+---+---+---+---+------+
| 1 | 1 | 1 | 1 |    1 |
| 2 | 2 | 2 | 2 |    2 |
| 3 | 3 | 3 | 3 |    3 |
| 4 | 4 | 4 | 4 |    4 |
| 5 | 5 | 5 | 5 |    5 |
+---+---+---+---+------+
select /*+index(t2 gkey)*/ * from t2 where b in (1,2,3,4,5) order by a,b,c,d;
+---+---+---+---+------+
| a | b | c | d | e    |
+---+---+---+---+------+
| 1 | 1 | 1 | 1 |    1 |
| 2 | 2 | 2 | 2 |    2 |
| 3 | 3 | 3 | 3 |    3 |
| 4 | 4 | 4 | 4 |    4 |
| 5 | 5 | 5 | 5 |    5 |
+---+---+---+---+------+
select /*+index(t2 gkey)*/ * from t2 where (c,b) in ((1,1),(2,2),(3,3),(4,4),(5,5)) order by a,b,c,d;
+---+---+---+---+------+
| a | b | c | d | e    |
+---+---+---+---+------+
| 1 | 1 | 1 | 1 |    1 |
| 2 | 2 | 2 | 2 |    2 |
| 3 | 3 | 3 | 3 |    3 |
| 4 | 4 | 4 | 4 |    4 |
| 5 | 5 | 5 | 5 |    5 |
+---+---+---+---+------+
select /*+index(t2 gkey)*/ * from t2 where (c,d,b) in ((1,1,1),(2,2,2),(3,3,3),(4,4,4),(5,5,5)) order by a,b,c,d;
+---+---+---+---+------+
| a | b | c | d | e    |
+---+---+---+---+------+
| 1 | 1 | 1 | 1 |    1 |
| 2 | 2 | 2 | 2 |    2 |
| 3 | 3 | 3 | 3 |    3 |
| 4 | 4 | 4 | 4 |    4 |
| 5 | 5 | 5 | 5 |    5 |
+---+---+---+---+------+

select /*+index(t3 gkey)*/ * from t3 where a in (1,2,3,4,5) order by a,b,c,d;
+---+---+---+---+------+
| a | b | c | d | e    |
+---+---+---+---+------+
| 1 | 1 | 1 | 1 |    1 |
| 2 | 2 | 2 | 2 |    2 |
| 3 | 3 | 3 | 3 |    3 |
| 4 | 4 | 4 | 4 |    4 |
| 5 | 5 | 5 | 5 |    5 |
+---+---+---+---+------+
select /*+index(t3 gkey)*/ * from t3 where b in (1,2,3,4,5) order by a,b,c,d;
+---+---+---+---+------+
| a | b | c | d | e    |
+---+---+---+---+------+
| 1 | 1 | 1 | 1 |    1 |
| 2 | 2 | 2 | 2 |    2 |
| 3 | 3 | 3 | 3 |    3 |
| 4 | 4 | 4 | 4 |    4 |
| 5 | 5 | 5 | 5 |    5 |
+---+---+---+---+------+
select /*+index(t3 gkey)*/ * from t3 where (c,b) in ((1,1),(2,2),(3,3),(4,4),(5,5)) order by a,b,c,d;
+---+---+---+---+------+
| a | b | c | d | e    |
+---+---+---+---+------+
| 1 | 1 | 1 | 1 |    1 |
| 2 | 2 | 2 | 2 |    2 |
| 3 | 3 | 3 | 3 |    3 |
| 4 | 4 | 4 | 4 |    4 |
| 5 | 5 | 5 | 5 |    5 |
+---+---+---+---+------+
select /*+index(t3 gkey)*/ * from t3 where (c,d,b) in ((1,1,1),(2,2,2),(3,3,3),(4,4,4),(5,5,5)) order by a,b,c,d;
+---+---+---+---+------+
| a | b | c | d | e    |
+---+---+---+---+------+
| 1 | 1 | 1 | 1 |    1 |
| 2 | 2 | 2 | 2 |    2 |
| 3 | 3 | 3 | 3 |    3 |
| 4 | 4 | 4 | 4 |    4 |
| 5 | 5 | 5 | 5 |    5 |
+---+---+---+---+------+

select /*+index(t4 gkey)*/ * from t4 where a in (1,2,3,4,5) order by a,b,c,d;
+---+---+---+---+------+
| a | b | c | d | e    |
+---+---+---+---+------+
| 1 | 1 | 1 | 1 |    1 |
| 2 | 2 | 2 | 2 |    2 |
| 3 | 3 | 3 | 3 |    3 |
| 4 | 4 | 4 | 4 |    4 |
| 5 | 5 | 5 | 5 |    5 |
+---+---+---+---+------+
select /*+index(t4 gkey)*/ * from t4 where b in (1,2,3,4,5) order by a,b,c,d;
+---+---+---+---+------+
| a | b | c | d | e    |
+---+---+---+---+------+
| 1 | 1 | 1 | 1 |    1 |
| 2 | 2 | 2 | 2 |    2 |
| 3 | 3 | 3 | 3 |    3 |
| 4 | 4 | 4 | 4 |    4 |
| 5 | 5 | 5 | 5 |    5 |
+---+---+---+---+------+
select /*+index(t4 gkey)*/ * from t4 where (c,b) in ((1,1),(2,2),(3,3),(4,4),(5,5)) order by a,b,c,d;
+---+---+---+---+------+
| a | b | c | d | e    |
+---+---+---+---+------+
| 1 | 1 | 1 | 1 |    1 |
| 2 | 2 | 2 | 2 |    2 |
| 3 | 3 | 3 | 3 |    3 |
| 4 | 4 | 4 | 4 |    4 |
| 5 | 5 | 5 | 5 |    5 |
+---+---+---+---+------+
select /*+index(t4 gkey)*/ * from t4 where (c,d,b) in ((1,1,1),(2,2,2),(3,3,3),(4,4,4),(5,5,5)) order by a,b,c,d;
+---+---+---+---+------+
| a | b | c | d | e    |
+---+---+---+---+------+
| 1 | 1 | 1 | 1 |    1 |
| 2 | 2 | 2 | 2 |    2 |
| 3 | 3 | 3 | 3 |    3 |
| 4 | 4 | 4 | 4 |    4 |
| 5 | 5 | 5 | 5 |    5 |
+---+---+---+---+------+

select /*+index(t5 gkey)*/ * from t5 where a in (1,2,3,4,5) order by a,b,c,d;
+---+---+---+---+------+
| a | b | c | d | e    |
+---+---+---+---+------+
| 1 | 1 | 1 | 1 |    1 |
| 2 | 2 | 2 | 2 |    2 |
| 3 | 3 | 3 | 3 |    3 |
| 4 | 4 | 4 | 4 |    4 |
| 5 | 5 | 5 | 5 |    5 |
+---+---+---+---+------+
select /*+index(t5 gkey)*/ * from t5 where b in (1,2,3,4,5) order by a,b,c,d;
+---+---+---+---+------+
| a | b | c | d | e    |
+---+---+---+---+------+
| 1 | 1 | 1 | 1 |    1 |
| 2 | 2 | 2 | 2 |    2 |
| 3 | 3 | 3 | 3 |    3 |
| 4 | 4 | 4 | 4 |    4 |
| 5 | 5 | 5 | 5 |    5 |
+---+---+---+---+------+
select /*+index(t5 gkey)*/ * from t5 where (c,b) in ((1,1),(2,2),(3,3),(4,4),(5,5)) order by a,b,c,d;
+---+---+---+---+------+
| a | b | c | d | e    |
+---+---+---+---+------+
| 1 | 1 | 1 | 1 |    1 |
| 2 | 2 | 2 | 2 |    2 |
| 3 | 3 | 3 | 3 |    3 |
| 4 | 4 | 4 | 4 |    4 |
| 5 | 5 | 5 | 5 |    5 |
+---+---+---+---+------+
select /*+index(t5 gkey)*/ * from t5 where (c,d,b) in ((1,1,1),(2,2,2),(3,3,3),(4,4,4),(5,5,5)) order by a,b,c,d;
+---+---+---+---+------+
| a | b | c | d | e    |
+---+---+---+---+------+
| 1 | 1 | 1 | 1 |    1 |
| 2 | 2 | 2 | 2 |    2 |
| 3 | 3 | 3 | 3 |    3 |
| 4 | 4 | 4 | 4 |    4 |
| 5 | 5 | 5 | 5 |    5 |
+---+---+---+---+------+

