DROP TABLE IF EXISTS `b`;
CREATE TABLE `b` (
`pk` int(11) NOT NULL,
`col_varchar_10` varchar(10) DEFAULT NULL,
`col_varchar_20_key` varchar(20) DEFAULT NULL,
`col_varchar_20` varchar(20) DEFAULT NULL,
`col_varchar_10_key` varchar(10) DEFAULT NULL,
`col_int_key` int(11) DEFAULT NULL,
`col_int` int(11) DEFAULT NULL,
`col_varchar` varchar(1) DEFAULT NULL,
`col_varchar_key` varchar(1) DEFAULT NULL,
PRIMARY KEY (`pk`),
KEY `idx7` (`pk`, `col_varchar_20_key`) BLOCK_SIZE 16384 GLOBAL,
KEY `idx5` (`pk`, `col_varchar_10_key`) BLOCK_SIZE 16384 GLOBAL,
KEY `idx1` (`pk`, `col_int_key`) BLOCK_SIZE 16384 GLOBAL,
KEY `idx3` (`pk`, `col_varchar_key`) BLOCK_SIZE 16384 GLOBAL
) ;
INSERT INTO `b` VALUES (1,'w','w',NULL,'j',6,7,'m','u');
DROP TABLE IF EXISTS `c`;
CREATE TABLE `c` (
`col_varchar_10_key` varchar(10) DEFAULT NULL,
`col_varchar` varchar(1) DEFAULT NULL,
`col_varchar_key` varchar(1) DEFAULT NULL,
`col_int` int(11) DEFAULT NULL,
`col_varchar_20` varchar(20) DEFAULT NULL,
`pk` int(11) NOT NULL,
`col_varchar_10` varchar(10) DEFAULT NULL,
`col_varchar_20_key` varchar(20) DEFAULT NULL,
`col_int_key` int(11) DEFAULT NULL,
PRIMARY KEY (`pk`),
KEY `idx5` (`pk`, `col_varchar_10_key`) BLOCK_SIZE 16384 GLOBAL,
KEY `idx3` (`pk`, `col_varchar_key`) BLOCK_SIZE 16384 GLOBAL,
KEY `idx7` (`pk`, `col_varchar_20_key`) BLOCK_SIZE 16384 GLOBAL,
KEY `idx1` (`pk`, `col_int_key`) BLOCK_SIZE 16384 GLOBAL
) ;
INSERT INTO `c` VALUES ('y',NULL,'p',0,'m',1,'w',NULL,6),('t','e','j',1,'z',2,'o','u',NULL);
DROP TABLE IF EXISTS `bb`;
CREATE TABLE `bb` (
`col_int` int(11) DEFAULT NULL,
`col_varchar_10` varchar(10) DEFAULT NULL,
`col_varchar_20_key` varchar(20) DEFAULT NULL,
`col_varchar_20` varchar(20) DEFAULT NULL,
`col_int_key` int(11) DEFAULT NULL,
`col_varchar_10_key` varchar(10) DEFAULT NULL,
`pk` int(11) NOT NULL,
`col_varchar` varchar(1) DEFAULT NULL,
`col_varchar_key` varchar(1) DEFAULT NULL,
PRIMARY KEY (`pk`),
KEY `idx7` (`pk`, `col_varchar_20_key`) BLOCK_SIZE 16384 GLOBAL,
KEY `idx1` (`pk`, `col_int_key`) BLOCK_SIZE 16384 GLOBAL,
KEY `idx5` (`pk`, `col_varchar_10_key`) BLOCK_SIZE 16384 GLOBAL,
KEY `idx3` (`pk`, `col_varchar_key`) BLOCK_SIZE 16384 GLOBAL
) ;
INSERT INTO `bb` VALUES (5,'x','w',NULL,3,'t',1,NULL,'d'),(2,NULL,NULL,'c',0,NULL,2,'d','w'),(8,'d','e','m',0,'p',3,NULL,'j'),(8,'k','t','p',1,'w',4,'z',NULL),(6,'q','p','b',5,'p',5,'a','o'),(7,NULL,NULL,'x',0,'o',6,NULL,'g'),(6,'w','r','v',NULL,'y',7,NULL,'y'),(NULL,'l','m',NULL,9,NULL,8,'e','f'),(0,NULL,NULL,'q',NULL,'v',9,'u','r'),(NULL,NULL,'f',NULL,8,'d',10,'h',NULL),(1,'q',NULL,NULL,4,'p',11,'u','y'),(NULL,'t','x','k',4,NULL,12,'y','b'),(2,NULL,'k','t',4,NULL,13,NULL,'d'),(8,'b','z','g',9,NULL,14,'c','v'),(3,NULL,'n','u',7,'z',15,'u','h'),(8,'s','y','o',6,'i',16,'b','j'),(NULL,'o','h','i',8,'l',17,'f','y'),(4,'v',NULL,'l',7,'t',18,'i','a'),(1,'c','g',NULL,8,'m',19,'f',NULL),(7,'b',NULL,'q',0,'w',20,NULL,'t'),(1,'x',NULL,'b',6,NULL,21,'m','v'),(9,NULL,NULL,NULL,8,'l',22,'p','n'),(1,'h','l',NULL,9,'r',23,'e','j'),(2,'w','p','d',0,'n',24,'l','l'),(NULL,'x',NULL,NULL,NULL,'y',25,NULL,'b'),(3,'w','q','l',5,'e',26,'a','g'),(5,'b','q','i',7,'k',27,'p','y'),(5,'w',NULL,'d',5,'p',28,'v','b');
DROP TABLE IF EXISTS `cc`;
CREATE TABLE `cc` (
`col_varchar_10` varchar(10) DEFAULT NULL,
`pk` int(11) NOT NULL,
`col_varchar_20_key` varchar(20) DEFAULT NULL,
`col_int_key` int(11) DEFAULT NULL,
`col_varchar_10_key` varchar(10) DEFAULT NULL,
`col_int` int(11) DEFAULT NULL,
`col_varchar` varchar(1) DEFAULT NULL,
`col_varchar_key` varchar(1) DEFAULT NULL,
`col_varchar_20` varchar(20) DEFAULT NULL,
PRIMARY KEY (`pk`),
KEY `idx7` (`pk`, `col_varchar_20_key`) BLOCK_SIZE 16384 GLOBAL,
KEY `idx1` (`pk`, `col_int_key`) BLOCK_SIZE 16384 GLOBAL,
KEY `idx5` (`pk`, `col_varchar_10_key`) BLOCK_SIZE 16384 GLOBAL,
KEY `idx3` (`pk`, `col_varchar_key`) BLOCK_SIZE 16384 GLOBAL
) ;
INSERT INTO `cc` VALUES (NULL,1,'f',7,NULL,1,'m','l','b'),(NULL,2,NULL,3,'u',5,NULL,'f','y'),('u',3,'n',6,'u',0,NULL,NULL,NULL),(NULL,4,'j',3,'a',8,'a','m','x'),('h',5,'o',0,'t',9,NULL,'b','r'),('v',6,NULL,NULL,NULL,7,NULL,'o',NULL),('d',7,'f',9,'l',6,'q','y','k'),('o',8,'n',4,'v',4,NULL,'f','d'),('a',9,'k',4,NULL,1,'c',NULL,'u'),(NULL,10,'g',0,'a',NULL,NULL,'d','u'),('p',11,'x',7,'y',2,'t','v',NULL),('b',12,NULL,7,NULL,1,NULL,'n','a'),('v',13,'r',9,NULL,8,'o','k','j'),('g',14,'h',5,'o',1,NULL,'x','q'),('a',15,NULL,NULL,NULL,NULL,NULL,'p','z'),('o',16,'p',3,'w',1,NULL,'v','e'),('x',17,'c',1,'x',1,'h',NULL,'d'),('g',18,'z',8,'h',3,NULL,'l',NULL),(NULL,19,'j',5,NULL,5,'q','z','o'),('m',20,'g',NULL,'s',NULL,'o','w',NULL),('n',21,'h',6,NULL,0,'l',NULL,'u'),(NULL,22,'y',7,'n',2,'v','n','q'),('g',23,NULL,3,NULL,8,'g','a','e'),('q',24,'d',7,NULL,7,'u','l','k'),('f',25,'w',NULL,'v',2,'r','s','g'),(NULL,26,'j',4,'g',0,'n','p',NULL),('l',27,NULL,7,'v',7,'c','v','x'),('h',28,NULL,8,'j',7,'d',NULL,'h'),('g',29,'y',NULL,NULL,7,'w',NULL,'n');
SELECT Sum(table2 . `pk`) AS field1 FROM
(SELECT SUBQUERY1_t1 . * FROM c AS SUBQUERY1_t1, cc AS SUBQUERY1_t2, cc AS SUBQUERY1_t3 WHERE SUBQUERY1_t3 . `pk` = SUBQUERY1_t2 . `col_int_key` and (SUBQUERY1_t3 . `pk` = SUBQUERY1_t2 . `col_int`)
UNION
SELECT SUBQUERY1_t1 . * FROM c AS SUBQUERY1_t1, cc AS SUBQUERY1_t2, cc AS SUBQUERY1_t3 WHERE SUBQUERY1_t3 . `pk` = SUBQUERY1_t2 . `col_int_key` and (SUBQUERY1_t3 . `pk` = SUBQUERY1_t2 . `col_int`) and ( 'i', 'p' ) IN (SELECT Sum(`col_varchar_20`), Max(`col_varchar_10`) FROM   b)
) as table1, bb as table2 WHERE table2 . `pk` = table1 . `col_int`;
field1
1
drop table c, cc, bb;
