drop table if exists t1,t2,t3;
create table t1 (pk int primary key, id int not null);
create table t2 (pk int primary key, id int not null,rating int null);
insert into t1 values(1,1),(2,2),(3,3);
insert into t2 values(1, 1, 3),(2, 2, NULL),(3, 2, NULL),(4, 3, 2),(5, 3, NULL);
select t1.id, avg(rating),t2.id from t1 left join t2 on ( t1.id = t2.id ) group by t1.id order by t1.id;
id	avg(rating)	id
1	3.0000	1
2	NULL	2
3	2.0000	3
explain select t1.id, avg(rating),t2.id from t1 left join t2 on ( t1.id = t2.id ) group by t1.id order by t1.id;
select t1.id, avg(rating),t2.id from t1 left join t2 on ( t1.id = t2.pk ) group by t1.id order by t1.id;
id	avg(rating)	id
1	3.0000	1
2	NULL	2
3	NULL	2
explain select t1.id, avg(rating),t2.id from t1 left join t2 on ( t1.id = t2.pk ) group by t1.id order by t1.id;
select t1.id, avg(rating),t2.id from t1 left join t2 on ( t1.pk = t2.pk ) group by t1.id order by t1.id;
id	avg(rating)	id
1	3.0000	1
2	NULL	2
3	NULL	2
explain select t1.id, avg(rating),t2.id from t1 left join t2 on ( t1.pk = t2.pk ) group by t1.id order by t1.id;
select t1.id, avg(rating),t2.id from t2 left join t1 on ( t1.id = t2.id ) group by t1.id order by t1.id;
id	avg(rating)	id
1	3.0000	1
2	NULL	2
3	2.0000	3
explain select t1.id, avg(rating),t2.id from t2 left join t1 on ( t1.id = t2.id ) group by t1.id order by t1.id;
drop table t1,t2;
create table t1(a double , b int primary key);
insert into t1 values(1.1, 1);
insert into t1 values(2.2, 2);
select avg(a) from t1;
avg(a)
1.6500000000000001
drop table t1;
create table t1(a int primary key, b int);
insert into t1 values(1,1);
insert into t1 values(2,1);
insert into t1 values(7,1);
select avg(a) from t1;
avg(a)
3.3333
drop table t1;
