set collation_connection='utf8mb4_general_ci';
drop table if exists t1,t2,t3,t4;
CREATE TABLE t1 (id int(11) NOT NULL PRIMARY KEY, name varchar(20),INDEX (name));
CREATE TABLE t2 (id int(11) NOT NULL PRIMARY KEY, fkey int(11));
INSERT INTO t1 VALUES (1,'A1'),(2,'A2'),(3,'B');
INSERT INTO t2 VALUES (1,1),(2,2),(3,2),(4,3),(5,3);
SELECT COUNT(*) FROM t2 LEFT JOIN t1 ON t2.fkey = t1.id WHERE t1.name LIKE 'A%';
COUNT(*)
3
SELECT COUNT(*) FROM t2 LEFT JOIN t1 ON t2.fkey = t1.id WHERE t1.name LIKE 'A%' OR FALSE;
COUNT(*)
3
select * FROM t2 LEFT JOIN t1 ON t2.fkey = t1.id;
id	fkey	id	name
1	1	1	A1
2	2	2	A2
3	2	2	A2
4	3	3	B
5	3	3	B
select * FROM t2 LEFT JOIN t1 ON t2.fkey = t1.id WHERE t1.name LIKE 'A%' OR FALSE;
id	fkey	id	name
1	1	1	A1
2	2	2	A2
3	2	2	A2
DROP TABLE t1,t2;
#
CREATE TABLE t1 (
col_int INT,
col_int_key INT,
pk INT NOT NULL,
PRIMARY KEY (pk),
KEY col_int_key (col_int_key)
);
INSERT INTO t1 VALUES (NULL,1,1), (6,2,2), (5,3,3), (NULL,4,4);
INSERT INTO t1 VALUES (1,NULL,6), (8,5,7), (NULL,8,8), (8,NULL,5);
CREATE TABLE t2 (
pk INT PRIMARY KEY
);
SELECT t1.pk
FROM t2 LEFT JOIN t1 ON t2.pk = t1.col_int
WHERE t1.col_int_key BETWEEN 5 AND 6 
AND t1.pk IS NULL OR t1.pk IN (5)
ORDER BY pk;
pk
INSERT INTO t2 VALUES(1),(2);
SELECT t1.pk FROM t2 LEFT JOIN t1 ON t2.pk = t1.col_int_key ORDER BY pk;
pk
1
2
SELECT t1.pk FROM t2 LEFT JOIN t1 ON t2.pk = t1.col_int_key ORDER BY t1.pk;
pk
1
2
SELECT t1.pk FROM t2 LEFT JOIN t1 ON t2.pk = t1.col_int_key ORDER BY t2.pk;
pk
1
2
DROP TABLE t1,t2;
