DROP TABLE IF EXISTS T1,T2,T3;
set collation_connection='utf8mb4_general_ci';
CREATE TABLE T1(C_INT INT, C_BOOL BOOL, C_DECIMAL DECIMAL(10,5), C_VARCHAR VARCHAR(10), C_VARBINARY VARBINARY(10), C_DATETIME DATETIME(6) DEFAULT NOW(6), C_TIMESTAMP TIMESTAMP(6) NULL DEFAULT NOW(6));
CREATE TABLE T2(C_INT INT, C_BOOL BOOL, C_DECIMAL DECIMAL(10,5), C_VARCHAR VARCHAR(10), C_VARBINARY VARBINARY(10), C_DATETIME DATETIME(6) DEFAULT NOW(6), C_TIMESTAMP TIMESTAMP(6) NULL DEFAULT NOW(6));
CREATE TABLE T3(C_INT INT, C_BOOL BOOL, C_DECIMAL DECIMAL(10,5), C_VARCHAR VARCHAR(10), C_VARBINARY VARBINARY(10), C_DATETIME DATETIME(6) DEFAULT NOW(6), C_TIMESTAMP TIMESTAMP(6) NULL DEFAULT NOW(6));
INSERT INTO T1 VALUES(NULL,NULL,NULL,NULL,NULL,NULL,NULL);
INSERT INTO T1 VALUES(NULL,NULL,NULL,NULL,NULL,NULL,NULL);
INSERT INTO T1 VALUES(NULL,NULL,NULL,NULL,NULL,NULL,NULL);
INSERT INTO T2 VALUES(NULL,NULL,NULL,NULL,NULL,NULL,NULL);
INSERT INTO T2 VALUES(NULL,NULL,NULL,NULL,NULL,NULL,NULL);
INSERT INTO T3 VALUES(NULL,NULL,NULL,NULL,NULL,NULL,NULL);
INSERT INTO T3 VALUES(NULL,NULL,NULL,NULL,NULL,NULL,NULL);
#
# inner join
#
SELECT * FROM T1,T2,T3;
C_INT	C_BOOL	C_DECIMAL	C_VARCHAR	C_VARBINARY	C_DATETIME	C_TIMESTAMP	C_INT	C_BOOL	C_DECIMAL	C_VARCHAR	C_VARBINARY	C_DATETIME	C_TIMESTAMP	C_INT	C_BOOL	C_DECIMAL	C_VARCHAR	C_VARBINARY	C_DATETIME	C_TIMESTAMP
NULL	NULL	NULL	NULL	NULL	NULL	NULL	NULL	NULL	NULL	NULL	NULL	NULL	NULL	NULL	NULL	NULL	NULL	NULL	NULL	NULL
NULL	NULL	NULL	NULL	NULL	NULL	NULL	NULL	NULL	NULL	NULL	NULL	NULL	NULL	NULL	NULL	NULL	NULL	NULL	NULL	NULL
NULL	NULL	NULL	NULL	NULL	NULL	NULL	NULL	NULL	NULL	NULL	NULL	NULL	NULL	NULL	NULL	NULL	NULL	NULL	NULL	NULL
NULL	NULL	NULL	NULL	NULL	NULL	NULL	NULL	NULL	NULL	NULL	NULL	NULL	NULL	NULL	NULL	NULL	NULL	NULL	NULL	NULL
NULL	NULL	NULL	NULL	NULL	NULL	NULL	NULL	NULL	NULL	NULL	NULL	NULL	NULL	NULL	NULL	NULL	NULL	NULL	NULL	NULL
NULL	NULL	NULL	NULL	NULL	NULL	NULL	NULL	NULL	NULL	NULL	NULL	NULL	NULL	NULL	NULL	NULL	NULL	NULL	NULL	NULL
NULL	NULL	NULL	NULL	NULL	NULL	NULL	NULL	NULL	NULL	NULL	NULL	NULL	NULL	NULL	NULL	NULL	NULL	NULL	NULL	NULL
NULL	NULL	NULL	NULL	NULL	NULL	NULL	NULL	NULL	NULL	NULL	NULL	NULL	NULL	NULL	NULL	NULL	NULL	NULL	NULL	NULL
NULL	NULL	NULL	NULL	NULL	NULL	NULL	NULL	NULL	NULL	NULL	NULL	NULL	NULL	NULL	NULL	NULL	NULL	NULL	NULL	NULL
NULL	NULL	NULL	NULL	NULL	NULL	NULL	NULL	NULL	NULL	NULL	NULL	NULL	NULL	NULL	NULL	NULL	NULL	NULL	NULL	NULL
NULL	NULL	NULL	NULL	NULL	NULL	NULL	NULL	NULL	NULL	NULL	NULL	NULL	NULL	NULL	NULL	NULL	NULL	NULL	NULL	NULL
NULL	NULL	NULL	NULL	NULL	NULL	NULL	NULL	NULL	NULL	NULL	NULL	NULL	NULL	NULL	NULL	NULL	NULL	NULL	NULL	NULL
SELECT * FROM T1,T2,T3 WHERE 
T1.C_INT<=>T2.C_INT AND T1.C_BOOL<=>T2.C_BOOL AND T1.C_DECIMAL<=>T2.C_DECIMAL AND T1.C_VARCHAR<=>T2.C_VARCHAR AND T1.C_VARBINARY<=>T2.C_VARBINARY AND T1.C_DATETIME<=>T2.C_DATETIME AND T1.C_TIMESTAMP<=>T2.C_TIMESTAMP AND
T1.C_INT<=>T3.C_INT AND T1.C_BOOL<=>T3.C_BOOL AND T1.C_DECIMAL<=>T3.C_DECIMAL AND T1.C_VARCHAR<=>T3.C_VARCHAR AND T1.C_VARBINARY<=>T3.C_VARBINARY AND T1.C_DATETIME<=>T3.C_DATETIME AND T1.C_TIMESTAMP<=>T3.C_TIMESTAMP;
C_INT	C_BOOL	C_DECIMAL	C_VARCHAR	C_VARBINARY	C_DATETIME	C_TIMESTAMP	C_INT	C_BOOL	C_DECIMAL	C_VARCHAR	C_VARBINARY	C_DATETIME	C_TIMESTAMP	C_INT	C_BOOL	C_DECIMAL	C_VARCHAR	C_VARBINARY	C_DATETIME	C_TIMESTAMP
NULL	NULL	NULL	NULL	NULL	NULL	NULL	NULL	NULL	NULL	NULL	NULL	NULL	NULL	NULL	NULL	NULL	NULL	NULL	NULL	NULL
NULL	NULL	NULL	NULL	NULL	NULL	NULL	NULL	NULL	NULL	NULL	NULL	NULL	NULL	NULL	NULL	NULL	NULL	NULL	NULL	NULL
NULL	NULL	NULL	NULL	NULL	NULL	NULL	NULL	NULL	NULL	NULL	NULL	NULL	NULL	NULL	NULL	NULL	NULL	NULL	NULL	NULL
NULL	NULL	NULL	NULL	NULL	NULL	NULL	NULL	NULL	NULL	NULL	NULL	NULL	NULL	NULL	NULL	NULL	NULL	NULL	NULL	NULL
NULL	NULL	NULL	NULL	NULL	NULL	NULL	NULL	NULL	NULL	NULL	NULL	NULL	NULL	NULL	NULL	NULL	NULL	NULL	NULL	NULL
NULL	NULL	NULL	NULL	NULL	NULL	NULL	NULL	NULL	NULL	NULL	NULL	NULL	NULL	NULL	NULL	NULL	NULL	NULL	NULL	NULL
NULL	NULL	NULL	NULL	NULL	NULL	NULL	NULL	NULL	NULL	NULL	NULL	NULL	NULL	NULL	NULL	NULL	NULL	NULL	NULL	NULL
NULL	NULL	NULL	NULL	NULL	NULL	NULL	NULL	NULL	NULL	NULL	NULL	NULL	NULL	NULL	NULL	NULL	NULL	NULL	NULL	NULL
NULL	NULL	NULL	NULL	NULL	NULL	NULL	NULL	NULL	NULL	NULL	NULL	NULL	NULL	NULL	NULL	NULL	NULL	NULL	NULL	NULL
NULL	NULL	NULL	NULL	NULL	NULL	NULL	NULL	NULL	NULL	NULL	NULL	NULL	NULL	NULL	NULL	NULL	NULL	NULL	NULL	NULL
NULL	NULL	NULL	NULL	NULL	NULL	NULL	NULL	NULL	NULL	NULL	NULL	NULL	NULL	NULL	NULL	NULL	NULL	NULL	NULL	NULL
NULL	NULL	NULL	NULL	NULL	NULL	NULL	NULL	NULL	NULL	NULL	NULL	NULL	NULL	NULL	NULL	NULL	NULL	NULL	NULL	NULL
SELECT * FROM T1 JOIN T2 ON T1.C_INT<=>T2.C_INT JOIN T3 ON T1.C_INT<=>T3.C_INT;
C_INT	C_BOOL	C_DECIMAL	C_VARCHAR	C_VARBINARY	C_DATETIME	C_TIMESTAMP	C_INT	C_BOOL	C_DECIMAL	C_VARCHAR	C_VARBINARY	C_DATETIME	C_TIMESTAMP	C_INT	C_BOOL	C_DECIMAL	C_VARCHAR	C_VARBINARY	C_DATETIME	C_TIMESTAMP
NULL	NULL	NULL	NULL	NULL	NULL	NULL	NULL	NULL	NULL	NULL	NULL	NULL	NULL	NULL	NULL	NULL	NULL	NULL	NULL	NULL
NULL	NULL	NULL	NULL	NULL	NULL	NULL	NULL	NULL	NULL	NULL	NULL	NULL	NULL	NULL	NULL	NULL	NULL	NULL	NULL	NULL
NULL	NULL	NULL	NULL	NULL	NULL	NULL	NULL	NULL	NULL	NULL	NULL	NULL	NULL	NULL	NULL	NULL	NULL	NULL	NULL	NULL
NULL	NULL	NULL	NULL	NULL	NULL	NULL	NULL	NULL	NULL	NULL	NULL	NULL	NULL	NULL	NULL	NULL	NULL	NULL	NULL	NULL
NULL	NULL	NULL	NULL	NULL	NULL	NULL	NULL	NULL	NULL	NULL	NULL	NULL	NULL	NULL	NULL	NULL	NULL	NULL	NULL	NULL
NULL	NULL	NULL	NULL	NULL	NULL	NULL	NULL	NULL	NULL	NULL	NULL	NULL	NULL	NULL	NULL	NULL	NULL	NULL	NULL	NULL
NULL	NULL	NULL	NULL	NULL	NULL	NULL	NULL	NULL	NULL	NULL	NULL	NULL	NULL	NULL	NULL	NULL	NULL	NULL	NULL	NULL
NULL	NULL	NULL	NULL	NULL	NULL	NULL	NULL	NULL	NULL	NULL	NULL	NULL	NULL	NULL	NULL	NULL	NULL	NULL	NULL	NULL
NULL	NULL	NULL	NULL	NULL	NULL	NULL	NULL	NULL	NULL	NULL	NULL	NULL	NULL	NULL	NULL	NULL	NULL	NULL	NULL	NULL
NULL	NULL	NULL	NULL	NULL	NULL	NULL	NULL	NULL	NULL	NULL	NULL	NULL	NULL	NULL	NULL	NULL	NULL	NULL	NULL	NULL
NULL	NULL	NULL	NULL	NULL	NULL	NULL	NULL	NULL	NULL	NULL	NULL	NULL	NULL	NULL	NULL	NULL	NULL	NULL	NULL	NULL
NULL	NULL	NULL	NULL	NULL	NULL	NULL	NULL	NULL	NULL	NULL	NULL	NULL	NULL	NULL	NULL	NULL	NULL	NULL	NULL	NULL
SELECT * FROM T1 JOIN T2 ON T1.C_INT<=>T2.C_INT JOIN T3 ON T1.C_INT<=>T3.C_INT WHERE ( T1.C_INT IN (0,1,2) AND T2.C_INT IN (0,1,2) AND T3.C_INT IN (0,1,2) ) OR T1.C_INT <=> NULL;
C_INT	C_BOOL	C_DECIMAL	C_VARCHAR	C_VARBINARY	C_DATETIME	C_TIMESTAMP	C_INT	C_BOOL	C_DECIMAL	C_VARCHAR	C_VARBINARY	C_DATETIME	C_TIMESTAMP	C_INT	C_BOOL	C_DECIMAL	C_VARCHAR	C_VARBINARY	C_DATETIME	C_TIMESTAMP
NULL	NULL	NULL	NULL	NULL	NULL	NULL	NULL	NULL	NULL	NULL	NULL	NULL	NULL	NULL	NULL	NULL	NULL	NULL	NULL	NULL
NULL	NULL	NULL	NULL	NULL	NULL	NULL	NULL	NULL	NULL	NULL	NULL	NULL	NULL	NULL	NULL	NULL	NULL	NULL	NULL	NULL
NULL	NULL	NULL	NULL	NULL	NULL	NULL	NULL	NULL	NULL	NULL	NULL	NULL	NULL	NULL	NULL	NULL	NULL	NULL	NULL	NULL
NULL	NULL	NULL	NULL	NULL	NULL	NULL	NULL	NULL	NULL	NULL	NULL	NULL	NULL	NULL	NULL	NULL	NULL	NULL	NULL	NULL
NULL	NULL	NULL	NULL	NULL	NULL	NULL	NULL	NULL	NULL	NULL	NULL	NULL	NULL	NULL	NULL	NULL	NULL	NULL	NULL	NULL
NULL	NULL	NULL	NULL	NULL	NULL	NULL	NULL	NULL	NULL	NULL	NULL	NULL	NULL	NULL	NULL	NULL	NULL	NULL	NULL	NULL
NULL	NULL	NULL	NULL	NULL	NULL	NULL	NULL	NULL	NULL	NULL	NULL	NULL	NULL	NULL	NULL	NULL	NULL	NULL	NULL	NULL
NULL	NULL	NULL	NULL	NULL	NULL	NULL	NULL	NULL	NULL	NULL	NULL	NULL	NULL	NULL	NULL	NULL	NULL	NULL	NULL	NULL
NULL	NULL	NULL	NULL	NULL	NULL	NULL	NULL	NULL	NULL	NULL	NULL	NULL	NULL	NULL	NULL	NULL	NULL	NULL	NULL	NULL
NULL	NULL	NULL	NULL	NULL	NULL	NULL	NULL	NULL	NULL	NULL	NULL	NULL	NULL	NULL	NULL	NULL	NULL	NULL	NULL	NULL
NULL	NULL	NULL	NULL	NULL	NULL	NULL	NULL	NULL	NULL	NULL	NULL	NULL	NULL	NULL	NULL	NULL	NULL	NULL	NULL	NULL
NULL	NULL	NULL	NULL	NULL	NULL	NULL	NULL	NULL	NULL	NULL	NULL	NULL	NULL	NULL	NULL	NULL	NULL	NULL	NULL	NULL
SELECT * FROM T1 
JOIN T2 ON T1.C_INT<=>T2.C_INT AND T1.C_BOOL<=>T2.C_BOOL AND T1.C_DECIMAL<=>T2.C_DECIMAL AND T1.C_VARCHAR<=>T2.C_VARCHAR AND T1.C_VARBINARY<=>T2.C_VARBINARY AND T1.C_DATETIME<=>T2.C_DATETIME AND T1.C_TIMESTAMP<=>T2.C_TIMESTAMP
JOIN T3 ON T1.C_INT<=>T3.C_INT AND T1.C_BOOL<=>T3.C_BOOL AND T1.C_DECIMAL<=>T3.C_DECIMAL AND T1.C_VARCHAR<=>T3.C_VARCHAR AND T1.C_VARBINARY<=>T3.C_VARBINARY AND T1.C_DATETIME<=>T3.C_DATETIME AND T1.C_TIMESTAMP<=>T3.C_TIMESTAMP;
C_INT	C_BOOL	C_DECIMAL	C_VARCHAR	C_VARBINARY	C_DATETIME	C_TIMESTAMP	C_INT	C_BOOL	C_DECIMAL	C_VARCHAR	C_VARBINARY	C_DATETIME	C_TIMESTAMP	C_INT	C_BOOL	C_DECIMAL	C_VARCHAR	C_VARBINARY	C_DATETIME	C_TIMESTAMP
NULL	NULL	NULL	NULL	NULL	NULL	NULL	NULL	NULL	NULL	NULL	NULL	NULL	NULL	NULL	NULL	NULL	NULL	NULL	NULL	NULL
NULL	NULL	NULL	NULL	NULL	NULL	NULL	NULL	NULL	NULL	NULL	NULL	NULL	NULL	NULL	NULL	NULL	NULL	NULL	NULL	NULL
NULL	NULL	NULL	NULL	NULL	NULL	NULL	NULL	NULL	NULL	NULL	NULL	NULL	NULL	NULL	NULL	NULL	NULL	NULL	NULL	NULL
NULL	NULL	NULL	NULL	NULL	NULL	NULL	NULL	NULL	NULL	NULL	NULL	NULL	NULL	NULL	NULL	NULL	NULL	NULL	NULL	NULL
NULL	NULL	NULL	NULL	NULL	NULL	NULL	NULL	NULL	NULL	NULL	NULL	NULL	NULL	NULL	NULL	NULL	NULL	NULL	NULL	NULL
NULL	NULL	NULL	NULL	NULL	NULL	NULL	NULL	NULL	NULL	NULL	NULL	NULL	NULL	NULL	NULL	NULL	NULL	NULL	NULL	NULL
NULL	NULL	NULL	NULL	NULL	NULL	NULL	NULL	NULL	NULL	NULL	NULL	NULL	NULL	NULL	NULL	NULL	NULL	NULL	NULL	NULL
NULL	NULL	NULL	NULL	NULL	NULL	NULL	NULL	NULL	NULL	NULL	NULL	NULL	NULL	NULL	NULL	NULL	NULL	NULL	NULL	NULL
NULL	NULL	NULL	NULL	NULL	NULL	NULL	NULL	NULL	NULL	NULL	NULL	NULL	NULL	NULL	NULL	NULL	NULL	NULL	NULL	NULL
NULL	NULL	NULL	NULL	NULL	NULL	NULL	NULL	NULL	NULL	NULL	NULL	NULL	NULL	NULL	NULL	NULL	NULL	NULL	NULL	NULL
NULL	NULL	NULL	NULL	NULL	NULL	NULL	NULL	NULL	NULL	NULL	NULL	NULL	NULL	NULL	NULL	NULL	NULL	NULL	NULL	NULL
NULL	NULL	NULL	NULL	NULL	NULL	NULL	NULL	NULL	NULL	NULL	NULL	NULL	NULL	NULL	NULL	NULL	NULL	NULL	NULL	NULL
SELECT * FROM T1 
JOIN T2 ON T1.C_INT<=>T2.C_INT AND T1.C_BOOL<=>T2.C_BOOL AND T1.C_DECIMAL<=>T2.C_DECIMAL AND T1.C_VARCHAR<=>T2.C_VARCHAR AND T1.C_VARBINARY<=>T2.C_VARBINARY AND T1.C_DATETIME<=>T2.C_DATETIME AND T1.C_TIMESTAMP<=>T2.C_TIMESTAMP
JOIN T3 ON T1.C_INT<=>T3.C_INT AND T1.C_BOOL<=>T3.C_BOOL AND T1.C_DECIMAL<=>T3.C_DECIMAL AND T1.C_VARCHAR<=>T3.C_VARCHAR AND T1.C_VARBINARY<=>T3.C_VARBINARY AND T1.C_DATETIME<=>T3.C_DATETIME AND T1.C_TIMESTAMP<=>T3.C_TIMESTAMP
WHERE T1.C_INT > 0 AND T1.C_INT < 2 OR T1.C_INT <=> NULL;
C_INT	C_BOOL	C_DECIMAL	C_VARCHAR	C_VARBINARY	C_DATETIME	C_TIMESTAMP	C_INT	C_BOOL	C_DECIMAL	C_VARCHAR	C_VARBINARY	C_DATETIME	C_TIMESTAMP	C_INT	C_BOOL	C_DECIMAL	C_VARCHAR	C_VARBINARY	C_DATETIME	C_TIMESTAMP
NULL	NULL	NULL	NULL	NULL	NULL	NULL	NULL	NULL	NULL	NULL	NULL	NULL	NULL	NULL	NULL	NULL	NULL	NULL	NULL	NULL
NULL	NULL	NULL	NULL	NULL	NULL	NULL	NULL	NULL	NULL	NULL	NULL	NULL	NULL	NULL	NULL	NULL	NULL	NULL	NULL	NULL
NULL	NULL	NULL	NULL	NULL	NULL	NULL	NULL	NULL	NULL	NULL	NULL	NULL	NULL	NULL	NULL	NULL	NULL	NULL	NULL	NULL
NULL	NULL	NULL	NULL	NULL	NULL	NULL	NULL	NULL	NULL	NULL	NULL	NULL	NULL	NULL	NULL	NULL	NULL	NULL	NULL	NULL
NULL	NULL	NULL	NULL	NULL	NULL	NULL	NULL	NULL	NULL	NULL	NULL	NULL	NULL	NULL	NULL	NULL	NULL	NULL	NULL	NULL
NULL	NULL	NULL	NULL	NULL	NULL	NULL	NULL	NULL	NULL	NULL	NULL	NULL	NULL	NULL	NULL	NULL	NULL	NULL	NULL	NULL
NULL	NULL	NULL	NULL	NULL	NULL	NULL	NULL	NULL	NULL	NULL	NULL	NULL	NULL	NULL	NULL	NULL	NULL	NULL	NULL	NULL
NULL	NULL	NULL	NULL	NULL	NULL	NULL	NULL	NULL	NULL	NULL	NULL	NULL	NULL	NULL	NULL	NULL	NULL	NULL	NULL	NULL
NULL	NULL	NULL	NULL	NULL	NULL	NULL	NULL	NULL	NULL	NULL	NULL	NULL	NULL	NULL	NULL	NULL	NULL	NULL	NULL	NULL
NULL	NULL	NULL	NULL	NULL	NULL	NULL	NULL	NULL	NULL	NULL	NULL	NULL	NULL	NULL	NULL	NULL	NULL	NULL	NULL	NULL
NULL	NULL	NULL	NULL	NULL	NULL	NULL	NULL	NULL	NULL	NULL	NULL	NULL	NULL	NULL	NULL	NULL	NULL	NULL	NULL	NULL
NULL	NULL	NULL	NULL	NULL	NULL	NULL	NULL	NULL	NULL	NULL	NULL	NULL	NULL	NULL	NULL	NULL	NULL	NULL	NULL	NULL
SELECT * FROM T1 
JOIN T2 USING(C_INT,C_BOOL,C_DECIMAL,C_VARCHAR,C_VARBINARY,C_DATETIME,C_TIMESTAMP)
JOIN T3 USING(C_INT,C_BOOL,C_DECIMAL,C_VARCHAR,C_VARBINARY,C_DATETIME,C_TIMESTAMP);
C_INT	C_BOOL	C_DECIMAL	C_VARCHAR	C_VARBINARY	C_DATETIME	C_TIMESTAMP
SELECT * FROM T1 
JOIN T2 USING(C_INT,C_BOOL,C_DECIMAL,C_VARCHAR,C_VARBINARY,C_DATETIME,C_TIMESTAMP)
JOIN T3 USING(C_INT,C_BOOL,C_DECIMAL,C_VARCHAR,C_VARBINARY,C_DATETIME,C_TIMESTAMP)
WHERE T1.C_INT > 0 AND T1.C_INT < 2 OR T1.C_INT <=> NULL;
C_INT	C_BOOL	C_DECIMAL	C_VARCHAR	C_VARBINARY	C_DATETIME	C_TIMESTAMP
#
# left join
#
SELECT * FROM T1 LEFT JOIN T2 ON T1.C_INT<=>T2.C_INT LEFT JOIN T3 ON T1.C_INT<=>T3.C_INT;
C_INT	C_BOOL	C_DECIMAL	C_VARCHAR	C_VARBINARY	C_DATETIME	C_TIMESTAMP	C_INT	C_BOOL	C_DECIMAL	C_VARCHAR	C_VARBINARY	C_DATETIME	C_TIMESTAMP	C_INT	C_BOOL	C_DECIMAL	C_VARCHAR	C_VARBINARY	C_DATETIME	C_TIMESTAMP
NULL	NULL	NULL	NULL	NULL	NULL	NULL	NULL	NULL	NULL	NULL	NULL	NULL	NULL	NULL	NULL	NULL	NULL	NULL	NULL	NULL
NULL	NULL	NULL	NULL	NULL	NULL	NULL	NULL	NULL	NULL	NULL	NULL	NULL	NULL	NULL	NULL	NULL	NULL	NULL	NULL	NULL
NULL	NULL	NULL	NULL	NULL	NULL	NULL	NULL	NULL	NULL	NULL	NULL	NULL	NULL	NULL	NULL	NULL	NULL	NULL	NULL	NULL
NULL	NULL	NULL	NULL	NULL	NULL	NULL	NULL	NULL	NULL	NULL	NULL	NULL	NULL	NULL	NULL	NULL	NULL	NULL	NULL	NULL
NULL	NULL	NULL	NULL	NULL	NULL	NULL	NULL	NULL	NULL	NULL	NULL	NULL	NULL	NULL	NULL	NULL	NULL	NULL	NULL	NULL
NULL	NULL	NULL	NULL	NULL	NULL	NULL	NULL	NULL	NULL	NULL	NULL	NULL	NULL	NULL	NULL	NULL	NULL	NULL	NULL	NULL
NULL	NULL	NULL	NULL	NULL	NULL	NULL	NULL	NULL	NULL	NULL	NULL	NULL	NULL	NULL	NULL	NULL	NULL	NULL	NULL	NULL
NULL	NULL	NULL	NULL	NULL	NULL	NULL	NULL	NULL	NULL	NULL	NULL	NULL	NULL	NULL	NULL	NULL	NULL	NULL	NULL	NULL
NULL	NULL	NULL	NULL	NULL	NULL	NULL	NULL	NULL	NULL	NULL	NULL	NULL	NULL	NULL	NULL	NULL	NULL	NULL	NULL	NULL
NULL	NULL	NULL	NULL	NULL	NULL	NULL	NULL	NULL	NULL	NULL	NULL	NULL	NULL	NULL	NULL	NULL	NULL	NULL	NULL	NULL
NULL	NULL	NULL	NULL	NULL	NULL	NULL	NULL	NULL	NULL	NULL	NULL	NULL	NULL	NULL	NULL	NULL	NULL	NULL	NULL	NULL
NULL	NULL	NULL	NULL	NULL	NULL	NULL	NULL	NULL	NULL	NULL	NULL	NULL	NULL	NULL	NULL	NULL	NULL	NULL	NULL	NULL
SELECT * FROM T1 LEFT JOIN T2 ON T1.C_INT<=>T2.C_INT LEFT JOIN T3 ON T1.C_INT<=>T3.C_INT WHERE T1.C_INT IN (0,1,2) AND (T2.C_INT IN (0,1,2) or T2.C_INT IS NULL) AND (T3.C_INT IN (0,1,2) OR T3.C_INT IS NULL);
C_INT	C_BOOL	C_DECIMAL	C_VARCHAR	C_VARBINARY	C_DATETIME	C_TIMESTAMP	C_INT	C_BOOL	C_DECIMAL	C_VARCHAR	C_VARBINARY	C_DATETIME	C_TIMESTAMP	C_INT	C_BOOL	C_DECIMAL	C_VARCHAR	C_VARBINARY	C_DATETIME	C_TIMESTAMP
SELECT * FROM T1 
LEFT JOIN T2 ON T1.C_INT<=>T2.C_INT AND T1.C_BOOL<=>T2.C_BOOL AND T1.C_DECIMAL<=>T2.C_DECIMAL AND T1.C_VARCHAR<=>T2.C_VARCHAR AND T1.C_VARBINARY<=>T2.C_VARBINARY AND T1.C_DATETIME<=>T2.C_DATETIME AND T1.C_TIMESTAMP<=>T2.C_TIMESTAMP
LEFT JOIN T3 ON T1.C_INT<=>T3.C_INT AND T1.C_BOOL<=>T3.C_BOOL AND T1.C_DECIMAL<=>T3.C_DECIMAL AND T1.C_VARCHAR<=>T3.C_VARCHAR AND T1.C_VARBINARY<=>T3.C_VARBINARY AND T1.C_DATETIME<=>T3.C_DATETIME AND T1.C_TIMESTAMP<=>T3.C_TIMESTAMP;
C_INT	C_BOOL	C_DECIMAL	C_VARCHAR	C_VARBINARY	C_DATETIME	C_TIMESTAMP	C_INT	C_BOOL	C_DECIMAL	C_VARCHAR	C_VARBINARY	C_DATETIME	C_TIMESTAMP	C_INT	C_BOOL	C_DECIMAL	C_VARCHAR	C_VARBINARY	C_DATETIME	C_TIMESTAMP
NULL	NULL	NULL	NULL	NULL	NULL	NULL	NULL	NULL	NULL	NULL	NULL	NULL	NULL	NULL	NULL	NULL	NULL	NULL	NULL	NULL
NULL	NULL	NULL	NULL	NULL	NULL	NULL	NULL	NULL	NULL	NULL	NULL	NULL	NULL	NULL	NULL	NULL	NULL	NULL	NULL	NULL
NULL	NULL	NULL	NULL	NULL	NULL	NULL	NULL	NULL	NULL	NULL	NULL	NULL	NULL	NULL	NULL	NULL	NULL	NULL	NULL	NULL
NULL	NULL	NULL	NULL	NULL	NULL	NULL	NULL	NULL	NULL	NULL	NULL	NULL	NULL	NULL	NULL	NULL	NULL	NULL	NULL	NULL
NULL	NULL	NULL	NULL	NULL	NULL	NULL	NULL	NULL	NULL	NULL	NULL	NULL	NULL	NULL	NULL	NULL	NULL	NULL	NULL	NULL
NULL	NULL	NULL	NULL	NULL	NULL	NULL	NULL	NULL	NULL	NULL	NULL	NULL	NULL	NULL	NULL	NULL	NULL	NULL	NULL	NULL
NULL	NULL	NULL	NULL	NULL	NULL	NULL	NULL	NULL	NULL	NULL	NULL	NULL	NULL	NULL	NULL	NULL	NULL	NULL	NULL	NULL
NULL	NULL	NULL	NULL	NULL	NULL	NULL	NULL	NULL	NULL	NULL	NULL	NULL	NULL	NULL	NULL	NULL	NULL	NULL	NULL	NULL
NULL	NULL	NULL	NULL	NULL	NULL	NULL	NULL	NULL	NULL	NULL	NULL	NULL	NULL	NULL	NULL	NULL	NULL	NULL	NULL	NULL
NULL	NULL	NULL	NULL	NULL	NULL	NULL	NULL	NULL	NULL	NULL	NULL	NULL	NULL	NULL	NULL	NULL	NULL	NULL	NULL	NULL
NULL	NULL	NULL	NULL	NULL	NULL	NULL	NULL	NULL	NULL	NULL	NULL	NULL	NULL	NULL	NULL	NULL	NULL	NULL	NULL	NULL
NULL	NULL	NULL	NULL	NULL	NULL	NULL	NULL	NULL	NULL	NULL	NULL	NULL	NULL	NULL	NULL	NULL	NULL	NULL	NULL	NULL
SELECT * FROM T1 
LEFT JOIN T2 ON T1.C_INT<=>T2.C_INT AND T1.C_BOOL<=>T2.C_BOOL AND T1.C_DECIMAL<=>T2.C_DECIMAL AND T1.C_VARCHAR<=>T2.C_VARCHAR AND T1.C_VARBINARY<=>T2.C_VARBINARY AND T1.C_DATETIME<=>T2.C_DATETIME AND T1.C_TIMESTAMP<=>T2.C_TIMESTAMP
LEFT JOIN T3 ON T1.C_INT<=>T3.C_INT AND T1.C_BOOL<=>T3.C_BOOL AND T1.C_DECIMAL<=>T3.C_DECIMAL AND T1.C_VARCHAR<=>T3.C_VARCHAR AND T1.C_VARBINARY<=>T3.C_VARBINARY AND T1.C_DATETIME<=>T3.C_DATETIME AND T1.C_TIMESTAMP<=>T3.C_TIMESTAMP
WHERE T1.C_INT <=> NULL;
C_INT	C_BOOL	C_DECIMAL	C_VARCHAR	C_VARBINARY	C_DATETIME	C_TIMESTAMP	C_INT	C_BOOL	C_DECIMAL	C_VARCHAR	C_VARBINARY	C_DATETIME	C_TIMESTAMP	C_INT	C_BOOL	C_DECIMAL	C_VARCHAR	C_VARBINARY	C_DATETIME	C_TIMESTAMP
NULL	NULL	NULL	NULL	NULL	NULL	NULL	NULL	NULL	NULL	NULL	NULL	NULL	NULL	NULL	NULL	NULL	NULL	NULL	NULL	NULL
NULL	NULL	NULL	NULL	NULL	NULL	NULL	NULL	NULL	NULL	NULL	NULL	NULL	NULL	NULL	NULL	NULL	NULL	NULL	NULL	NULL
NULL	NULL	NULL	NULL	NULL	NULL	NULL	NULL	NULL	NULL	NULL	NULL	NULL	NULL	NULL	NULL	NULL	NULL	NULL	NULL	NULL
NULL	NULL	NULL	NULL	NULL	NULL	NULL	NULL	NULL	NULL	NULL	NULL	NULL	NULL	NULL	NULL	NULL	NULL	NULL	NULL	NULL
NULL	NULL	NULL	NULL	NULL	NULL	NULL	NULL	NULL	NULL	NULL	NULL	NULL	NULL	NULL	NULL	NULL	NULL	NULL	NULL	NULL
NULL	NULL	NULL	NULL	NULL	NULL	NULL	NULL	NULL	NULL	NULL	NULL	NULL	NULL	NULL	NULL	NULL	NULL	NULL	NULL	NULL
NULL	NULL	NULL	NULL	NULL	NULL	NULL	NULL	NULL	NULL	NULL	NULL	NULL	NULL	NULL	NULL	NULL	NULL	NULL	NULL	NULL
NULL	NULL	NULL	NULL	NULL	NULL	NULL	NULL	NULL	NULL	NULL	NULL	NULL	NULL	NULL	NULL	NULL	NULL	NULL	NULL	NULL
NULL	NULL	NULL	NULL	NULL	NULL	NULL	NULL	NULL	NULL	NULL	NULL	NULL	NULL	NULL	NULL	NULL	NULL	NULL	NULL	NULL
NULL	NULL	NULL	NULL	NULL	NULL	NULL	NULL	NULL	NULL	NULL	NULL	NULL	NULL	NULL	NULL	NULL	NULL	NULL	NULL	NULL
NULL	NULL	NULL	NULL	NULL	NULL	NULL	NULL	NULL	NULL	NULL	NULL	NULL	NULL	NULL	NULL	NULL	NULL	NULL	NULL	NULL
NULL	NULL	NULL	NULL	NULL	NULL	NULL	NULL	NULL	NULL	NULL	NULL	NULL	NULL	NULL	NULL	NULL	NULL	NULL	NULL	NULL
SELECT * FROM T1 
LEFT JOIN T2 USING(C_INT,C_BOOL,C_DECIMAL,C_VARCHAR,C_VARBINARY,C_DATETIME,C_TIMESTAMP)
LEFT JOIN T3 USING(C_INT,C_BOOL,C_DECIMAL,C_VARCHAR,C_VARBINARY,C_DATETIME,C_TIMESTAMP);
C_INT	C_BOOL	C_DECIMAL	C_VARCHAR	C_VARBINARY	C_DATETIME	C_TIMESTAMP
NULL	NULL	NULL	NULL	NULL	NULL	NULL
NULL	NULL	NULL	NULL	NULL	NULL	NULL
NULL	NULL	NULL	NULL	NULL	NULL	NULL
SELECT * FROM T1 
LEFT JOIN T2 USING(C_INT,C_BOOL,C_DECIMAL,C_VARCHAR,C_VARBINARY,C_DATETIME,C_TIMESTAMP)
LEFT JOIN T3 USING(C_INT,C_BOOL,C_DECIMAL,C_VARCHAR,C_VARBINARY,C_DATETIME,C_TIMESTAMP)
WHERE T1.C_INT IS NOT NULL OR T1.C_INT IS NULL;
C_INT	C_BOOL	C_DECIMAL	C_VARCHAR	C_VARBINARY	C_DATETIME	C_TIMESTAMP
NULL	NULL	NULL	NULL	NULL	NULL	NULL
NULL	NULL	NULL	NULL	NULL	NULL	NULL
NULL	NULL	NULL	NULL	NULL	NULL	NULL
#
# right join
#
SELECT * FROM T1 RIGHT JOIN T2 ON T1.C_INT<=>T2.C_INT RIGHT JOIN T3 ON T1.C_INT<=>T3.C_INT;
C_INT	C_BOOL	C_DECIMAL	C_VARCHAR	C_VARBINARY	C_DATETIME	C_TIMESTAMP	C_INT	C_BOOL	C_DECIMAL	C_VARCHAR	C_VARBINARY	C_DATETIME	C_TIMESTAMP	C_INT	C_BOOL	C_DECIMAL	C_VARCHAR	C_VARBINARY	C_DATETIME	C_TIMESTAMP
NULL	NULL	NULL	NULL	NULL	NULL	NULL	NULL	NULL	NULL	NULL	NULL	NULL	NULL	NULL	NULL	NULL	NULL	NULL	NULL	NULL
NULL	NULL	NULL	NULL	NULL	NULL	NULL	NULL	NULL	NULL	NULL	NULL	NULL	NULL	NULL	NULL	NULL	NULL	NULL	NULL	NULL
NULL	NULL	NULL	NULL	NULL	NULL	NULL	NULL	NULL	NULL	NULL	NULL	NULL	NULL	NULL	NULL	NULL	NULL	NULL	NULL	NULL
NULL	NULL	NULL	NULL	NULL	NULL	NULL	NULL	NULL	NULL	NULL	NULL	NULL	NULL	NULL	NULL	NULL	NULL	NULL	NULL	NULL
NULL	NULL	NULL	NULL	NULL	NULL	NULL	NULL	NULL	NULL	NULL	NULL	NULL	NULL	NULL	NULL	NULL	NULL	NULL	NULL	NULL
NULL	NULL	NULL	NULL	NULL	NULL	NULL	NULL	NULL	NULL	NULL	NULL	NULL	NULL	NULL	NULL	NULL	NULL	NULL	NULL	NULL
NULL	NULL	NULL	NULL	NULL	NULL	NULL	NULL	NULL	NULL	NULL	NULL	NULL	NULL	NULL	NULL	NULL	NULL	NULL	NULL	NULL
NULL	NULL	NULL	NULL	NULL	NULL	NULL	NULL	NULL	NULL	NULL	NULL	NULL	NULL	NULL	NULL	NULL	NULL	NULL	NULL	NULL
NULL	NULL	NULL	NULL	NULL	NULL	NULL	NULL	NULL	NULL	NULL	NULL	NULL	NULL	NULL	NULL	NULL	NULL	NULL	NULL	NULL
NULL	NULL	NULL	NULL	NULL	NULL	NULL	NULL	NULL	NULL	NULL	NULL	NULL	NULL	NULL	NULL	NULL	NULL	NULL	NULL	NULL
NULL	NULL	NULL	NULL	NULL	NULL	NULL	NULL	NULL	NULL	NULL	NULL	NULL	NULL	NULL	NULL	NULL	NULL	NULL	NULL	NULL
NULL	NULL	NULL	NULL	NULL	NULL	NULL	NULL	NULL	NULL	NULL	NULL	NULL	NULL	NULL	NULL	NULL	NULL	NULL	NULL	NULL
SELECT * FROM T1 RIGHT JOIN T2 ON T1.C_INT<=>T2.C_INT LEFT JOIN T3 ON T1.C_INT<=>T3.C_INT WHERE T1.C_INT IN (0,1,2) AND (T2.C_INT IN (0,1,2) or T2.C_INT IS NULL) AND (T3.C_INT IN (0,1,2) OR T3.C_INT IS NULL);
C_INT	C_BOOL	C_DECIMAL	C_VARCHAR	C_VARBINARY	C_DATETIME	C_TIMESTAMP	C_INT	C_BOOL	C_DECIMAL	C_VARCHAR	C_VARBINARY	C_DATETIME	C_TIMESTAMP	C_INT	C_BOOL	C_DECIMAL	C_VARCHAR	C_VARBINARY	C_DATETIME	C_TIMESTAMP
SELECT * FROM T1 
RIGHT JOIN T2 ON T1.C_INT<=>T2.C_INT AND T1.C_BOOL<=>T2.C_BOOL AND T1.C_DECIMAL<=>T2.C_DECIMAL AND T1.C_VARCHAR<=>T2.C_VARCHAR AND T1.C_VARBINARY<=>T2.C_VARBINARY AND T1.C_DATETIME<=>T2.C_DATETIME AND T1.C_TIMESTAMP<=>T2.C_TIMESTAMP
RIGHT JOIN T3 ON T1.C_INT<=>T3.C_INT AND T1.C_BOOL<=>T3.C_BOOL AND T1.C_DECIMAL<=>T3.C_DECIMAL AND T1.C_VARCHAR<=>T3.C_VARCHAR AND T1.C_VARBINARY<=>T3.C_VARBINARY AND T1.C_DATETIME<=>T3.C_DATETIME AND T1.C_TIMESTAMP<=>T3.C_TIMESTAMP;
C_INT	C_BOOL	C_DECIMAL	C_VARCHAR	C_VARBINARY	C_DATETIME	C_TIMESTAMP	C_INT	C_BOOL	C_DECIMAL	C_VARCHAR	C_VARBINARY	C_DATETIME	C_TIMESTAMP	C_INT	C_BOOL	C_DECIMAL	C_VARCHAR	C_VARBINARY	C_DATETIME	C_TIMESTAMP
NULL	NULL	NULL	NULL	NULL	NULL	NULL	NULL	NULL	NULL	NULL	NULL	NULL	NULL	NULL	NULL	NULL	NULL	NULL	NULL	NULL
NULL	NULL	NULL	NULL	NULL	NULL	NULL	NULL	NULL	NULL	NULL	NULL	NULL	NULL	NULL	NULL	NULL	NULL	NULL	NULL	NULL
NULL	NULL	NULL	NULL	NULL	NULL	NULL	NULL	NULL	NULL	NULL	NULL	NULL	NULL	NULL	NULL	NULL	NULL	NULL	NULL	NULL
NULL	NULL	NULL	NULL	NULL	NULL	NULL	NULL	NULL	NULL	NULL	NULL	NULL	NULL	NULL	NULL	NULL	NULL	NULL	NULL	NULL
NULL	NULL	NULL	NULL	NULL	NULL	NULL	NULL	NULL	NULL	NULL	NULL	NULL	NULL	NULL	NULL	NULL	NULL	NULL	NULL	NULL
NULL	NULL	NULL	NULL	NULL	NULL	NULL	NULL	NULL	NULL	NULL	NULL	NULL	NULL	NULL	NULL	NULL	NULL	NULL	NULL	NULL
NULL	NULL	NULL	NULL	NULL	NULL	NULL	NULL	NULL	NULL	NULL	NULL	NULL	NULL	NULL	NULL	NULL	NULL	NULL	NULL	NULL
NULL	NULL	NULL	NULL	NULL	NULL	NULL	NULL	NULL	NULL	NULL	NULL	NULL	NULL	NULL	NULL	NULL	NULL	NULL	NULL	NULL
NULL	NULL	NULL	NULL	NULL	NULL	NULL	NULL	NULL	NULL	NULL	NULL	NULL	NULL	NULL	NULL	NULL	NULL	NULL	NULL	NULL
NULL	NULL	NULL	NULL	NULL	NULL	NULL	NULL	NULL	NULL	NULL	NULL	NULL	NULL	NULL	NULL	NULL	NULL	NULL	NULL	NULL
NULL	NULL	NULL	NULL	NULL	NULL	NULL	NULL	NULL	NULL	NULL	NULL	NULL	NULL	NULL	NULL	NULL	NULL	NULL	NULL	NULL
NULL	NULL	NULL	NULL	NULL	NULL	NULL	NULL	NULL	NULL	NULL	NULL	NULL	NULL	NULL	NULL	NULL	NULL	NULL	NULL	NULL
SELECT * FROM T1 
RIGHT JOIN T2 ON T1.C_INT<=>T2.C_INT AND T1.C_BOOL<=>T2.C_BOOL AND T1.C_DECIMAL<=>T2.C_DECIMAL AND T1.C_VARCHAR<=>T2.C_VARCHAR AND T1.C_VARBINARY<=>T2.C_VARBINARY AND T1.C_DATETIME<=>T2.C_DATETIME AND T1.C_TIMESTAMP<=>T2.C_TIMESTAMP
RIGHT JOIN T3 ON T1.C_INT<=>T3.C_INT AND T1.C_BOOL<=>T3.C_BOOL AND T1.C_DECIMAL<=>T3.C_DECIMAL AND T1.C_VARCHAR<=>T3.C_VARCHAR AND T1.C_VARBINARY<=>T3.C_VARBINARY AND T1.C_DATETIME<=>T3.C_DATETIME AND T1.C_TIMESTAMP<=>T3.C_TIMESTAMP
WHERE T1.C_INT IS NOT NULL OR T1.C_INT IS NULL;
C_INT	C_BOOL	C_DECIMAL	C_VARCHAR	C_VARBINARY	C_DATETIME	C_TIMESTAMP	C_INT	C_BOOL	C_DECIMAL	C_VARCHAR	C_VARBINARY	C_DATETIME	C_TIMESTAMP	C_INT	C_BOOL	C_DECIMAL	C_VARCHAR	C_VARBINARY	C_DATETIME	C_TIMESTAMP
NULL	NULL	NULL	NULL	NULL	NULL	NULL	NULL	NULL	NULL	NULL	NULL	NULL	NULL	NULL	NULL	NULL	NULL	NULL	NULL	NULL
NULL	NULL	NULL	NULL	NULL	NULL	NULL	NULL	NULL	NULL	NULL	NULL	NULL	NULL	NULL	NULL	NULL	NULL	NULL	NULL	NULL
NULL	NULL	NULL	NULL	NULL	NULL	NULL	NULL	NULL	NULL	NULL	NULL	NULL	NULL	NULL	NULL	NULL	NULL	NULL	NULL	NULL
NULL	NULL	NULL	NULL	NULL	NULL	NULL	NULL	NULL	NULL	NULL	NULL	NULL	NULL	NULL	NULL	NULL	NULL	NULL	NULL	NULL
NULL	NULL	NULL	NULL	NULL	NULL	NULL	NULL	NULL	NULL	NULL	NULL	NULL	NULL	NULL	NULL	NULL	NULL	NULL	NULL	NULL
NULL	NULL	NULL	NULL	NULL	NULL	NULL	NULL	NULL	NULL	NULL	NULL	NULL	NULL	NULL	NULL	NULL	NULL	NULL	NULL	NULL
NULL	NULL	NULL	NULL	NULL	NULL	NULL	NULL	NULL	NULL	NULL	NULL	NULL	NULL	NULL	NULL	NULL	NULL	NULL	NULL	NULL
NULL	NULL	NULL	NULL	NULL	NULL	NULL	NULL	NULL	NULL	NULL	NULL	NULL	NULL	NULL	NULL	NULL	NULL	NULL	NULL	NULL
NULL	NULL	NULL	NULL	NULL	NULL	NULL	NULL	NULL	NULL	NULL	NULL	NULL	NULL	NULL	NULL	NULL	NULL	NULL	NULL	NULL
NULL	NULL	NULL	NULL	NULL	NULL	NULL	NULL	NULL	NULL	NULL	NULL	NULL	NULL	NULL	NULL	NULL	NULL	NULL	NULL	NULL
NULL	NULL	NULL	NULL	NULL	NULL	NULL	NULL	NULL	NULL	NULL	NULL	NULL	NULL	NULL	NULL	NULL	NULL	NULL	NULL	NULL
NULL	NULL	NULL	NULL	NULL	NULL	NULL	NULL	NULL	NULL	NULL	NULL	NULL	NULL	NULL	NULL	NULL	NULL	NULL	NULL	NULL
SELECT * FROM T1 
RIGHT JOIN T2 USING(C_INT,C_BOOL,C_DECIMAL,C_VARCHAR,C_VARBINARY,C_DATETIME,C_TIMESTAMP)
RIGHT JOIN T3 USING(C_INT,C_BOOL,C_DECIMAL,C_VARCHAR,C_VARBINARY,C_DATETIME,C_TIMESTAMP);
C_INT	C_BOOL	C_DECIMAL	C_VARCHAR	C_VARBINARY	C_DATETIME	C_TIMESTAMP
NULL	NULL	NULL	NULL	NULL	NULL	NULL
NULL	NULL	NULL	NULL	NULL	NULL	NULL
SELECT * FROM T1 
RIGHT JOIN T2 USING(C_INT,C_BOOL,C_DECIMAL,C_VARCHAR,C_VARBINARY,C_DATETIME,C_TIMESTAMP)
RIGHT JOIN T3 USING(C_INT,C_BOOL,C_DECIMAL,C_VARCHAR,C_VARBINARY,C_DATETIME,C_TIMESTAMP)
WHERE T1.C_INT IS NOT NULL OR T1.C_INT IS NULL;
C_INT	C_BOOL	C_DECIMAL	C_VARCHAR	C_VARBINARY	C_DATETIME	C_TIMESTAMP
NULL	NULL	NULL	NULL	NULL	NULL	NULL
NULL	NULL	NULL	NULL	NULL	NULL	NULL
DROP TABLE T1,T2,T3;
