drop table if exists t1,t2;
create table t1 (pk1 int, pk2 int, v int, primary key(pk1, pk2));
create table t2 (pk1 int, v int, primary key(pk1));
insert into t1 values (1,1,1),(2,2,2),(3,3,3),(1,2,3),(2,3,4),(3,4,5),(1,3,3),(2,4,4),(3,5,5),(1,4,3),(2,5,4),(3,6,5),(1,5,3),(2,6,4),(3,7,5);
insert into t2 values (1,1),(2,2),(3,3);
select t1.pk1 from t1, t2 where t2.pk1=t1.pk1 and t2.v=t1.pk2 and t2.pk1 > 0;
pk1
1
2
3
select * from t1,t2 where t1.pk1=t2.pk1 and t1.pk1 > 0;
pk1	pk2	v	pk1	v
1	1	1	1	1
1	2	3	1	1
1	3	3	1	1
1	4	3	1	1
1	5	3	1	1
2	2	2	2	2
2	3	4	2	2
2	4	4	2	2
2	5	4	2	2
2	6	4	2	2
3	3	3	3	3
3	4	5	3	3
3	5	5	3	3
3	6	5	3	3
3	7	5	3	3
select * from t1,t2 as x2 where t1.pk1=x2.pk1 and t1.pk1 > 0;
pk1	pk2	v	pk1	v
1	1	1	1	1
1	2	3	1	1
1	3	3	1	1
1	4	3	1	1
1	5	3	1	1
2	2	2	2	2
2	3	4	2	2
2	4	4	2	2
2	5	4	2	2
2	6	4	2	2
3	3	3	3	3
3	4	5	3	3
3	5	5	3	3
3	6	5	3	3
3	7	5	3	3
select * from t1 as x1,t2 as x2 where x1.pk1=x2.pk1 and x1.pk1 > 0;
pk1	pk2	v	pk1	v
1	1	1	1	1
1	2	3	1	1
1	3	3	1	1
1	4	3	1	1
1	5	3	1	1
2	2	2	2	2
2	3	4	2	2
2	4	4	2	2
2	5	4	2	2
2	6	4	2	2
3	3	3	3	3
3	4	5	3	3
3	5	5	3	3
3	6	5	3	3
3	7	5	3	3
