drop table if exists t1,t2;
create table t1 (id int primary key, i2 int);
create table t2 (id int primary key, i2 int);
insert/*trace*/ into t1(id) values (75);
insert/*trace*/ into t1(id) values (79);
insert/*trace*/ into t1(id) values (78);
insert/*trace*/ into t1(id) values (77);
insert/*trace*/ into t1(id) values (104);
insert/*trace*/ into t1(id) values (103);
insert/*trace*/ into t1(id) values (102);
insert/*trace*/ into t1(id) values (101);
insert/*trace*/ into t1(id) values (105);
insert/*trace*/ into t1(id) values (106);
insert/*trace*/ into t1(id) values (107);
insert/*trace*/ into t2(id) values (107),(75),(1000);
explain basic select t1.id, t2.id from t1, t2 where t2.id = t1.id and t1.id>200;
Query Plan
==========================
|ID|OPERATOR        |NAME|
--------------------------
|0 |NESTED-LOOP JOIN|    |
|1 | TABLE SCAN     |t1  |
|2 | TABLE GET      |t2  |
==========================

Outputs & filters: 
-------------------------------------
  0 - output([t1.id], [t2.id]), filter(nil), 
      conds(nil), nl_params_([t1.id])
  1 - output([t1.id]), filter(nil), 
      access([t1.id]), partitions(p0)
  2 - output([t2.id]), filter(nil), 
      access([t2.id]), partitions(p0)

select t1.id, t2.id from t1, t2 where t2.id = t1.id and t1.id>200;
id	id

explain basic select t1.id, t2.id from t1, t2 where t2.id = t1.id and t1.id>200 and t1.id<200;
Query Plan
==========================
|ID|OPERATOR        |NAME|
--------------------------
|0 |NESTED-LOOP JOIN|    |
|1 | TABLE SCAN     |t1  |
|2 | TABLE GET      |t2  |
==========================

Outputs & filters: 
-------------------------------------
  0 - output([t1.id], [t2.id]), filter(nil), 
      conds(nil), nl_params_([t1.id])
  1 - output([t1.id]), filter(nil), 
      access([t1.id]), partitions(p0)
  2 - output([t2.id]), filter(nil), 
      access([t2.id]), partitions(p0)

select t1.id, t2.id from t1, t2 where t2.id = t1.id and t1.id>200 and t1.id<200;
id	id

explain basic select a.id , b.id from t1 a, t2 b where a.id = b.id and a.id>200 and a.id<200;
Query Plan
==========================
|ID|OPERATOR        |NAME|
--------------------------
|0 |NESTED-LOOP JOIN|    |
|1 | TABLE SCAN     |a   |
|2 | TABLE GET      |b   |
==========================

Outputs & filters: 
-------------------------------------
  0 - output([a.id], [b.id]), filter(nil), 
      conds(nil), nl_params_([a.id])
  1 - output([a.id]), filter(nil), 
      access([a.id]), partitions(p0)
  2 - output([b.id]), filter(nil), 
      access([b.id]), partitions(p0)

select a.id , b.id from t1 a, t2 b where a.id = b.id and a.id>200 and a.id<200;
id	id

explain basic select a.id, b.id from t1 a, t2 b where a.id = a.id and a.id>200 and a.id<200;
Query Plan
====================================
|ID|OPERATOR                  |NAME|
------------------------------------
|0 |NESTED-LOOP JOIN CARTESIAN|    |
|1 | TABLE SCAN               |b   |
|2 | MATERIAL                 |    |
|3 |  TABLE SCAN              |a   |
====================================

Outputs & filters: 
-------------------------------------
  0 - output([a.id], [b.id]), filter(nil), 
      conds(nil), nl_params_(nil)
  1 - output([b.id]), filter(nil), 
      access([b.id]), partitions(p0)
  2 - output([a.id]), filter(nil)
  3 - output([a.id]), filter([a.id = a.id]), 
      access([a.id]), partitions(p0)

select a.id, b.id from t1 a, t2 b where a.id = a.id and a.id>200 and a.id<200;
id	id
drop table t1, t2;
