DROP TABLE IF EXISTS C;
CREATE TABLE C (
col_int_key int,
col_date date,
col_varchar_20_key varchar(20),
col_date_key date,
col_datetime datetime,
col_varchar_20 varchar(20),
col_varchar_10 varchar(10),
col_datetime_key datetime,
col_varchar_10_key varchar(10),
pk int,
col_int int,
/*Indices*/
primary key (pk))  ;
INSERT INTO C VALUES  (NULL, '2004-09-12 03:49:47', 'd', '2001-03-16 03:13:23', '2000-08-01 14:27:28', 'DCENC', 'YHUOO', '2002-02-11 21:06:20', 'from', 1, 2053308416) ,  (-291241984, '2004-11-25 15:59:13', 'l', '2007-06-04 16:43:42', '2001-12-24 06:40:59', 'want', 'FEZEN', '2007-02-19 17:37:09', 'tlqzbwpuca', 2, 9) ;
DROP TABLE IF EXISTS J;
CREATE TABLE J (
col_varchar_10_key varchar(10),
col_datetime_key datetime,
col_int int,
col_varchar_10 varchar(10),
pk int,
col_int_key int,
col_date_key date,
col_varchar_20 varchar(20),
col_datetime datetime,
col_date date,
col_varchar_20_key varchar(20),
/*Indices*/
primary key (pk))  ;
INSERT INTO J VALUES  ('VGUCR', '2008-02-27 19:13:42', NULL, 'EPPRA', 1, NULL, '2000-06-26 12:35:20', 'uxn', '2000-09-22 02:21:46', '2004-05-01 05:08:43', 'get') ,  ('hey', '2001-01-12 03:04:26', NULL, 't', 2, -1218969600, '2007-09-18 16:26:39', 'h', '2005-05-04 06:55:10', '2007-04-26 05:35:51', 'hey') ,  ('p', '2006-07-13 05:24:57', 1037893632, 'TRYUS', 3, 856031232, '2004-05-09 00:39:39', 'mpuxnt', '2006-05-01 18:44:24', '2007-02-03 04:32:27', 'xmpux') ,  ('HUAZD', '2007-10-25 14:09:52', -379453440, 'there', 4, 2, '2003-03-25 04:44:30', 'him', '2007-08-16 17:26:41', '2006-11-12 09:29:44', 'hx') ,  ('to', '2001-07-19 00:02:27', 5, 't', 5, -2147418112, '2001-04-07 06:30:54', 'JCKHH', '2000-08-04 16:10:45', '2004-04-28 19:13:05', 'FXIBY') ,  ('e', '2004-01-27 03:16:25', 6, 'DQNNE', 6, NULL, '2002-08-26 11:47:49', 'TEXJJ', '2001-02-20 13:30:46', '2009-03-25 19:09:28', 'sethx') ,  ('j', '2000-04-20 02:57:15', -2066219008, 'her', 7, 1977810944, '2009-12-16 08:08:47', 'isethxmpux', '2007-02-05 21:02:04', '2008-07-26 15:51:13', 'UGFBV') ,  ('h', '2009-04-06 08:42:13', 7, 'j', 8, 787087360, '2008-06-12 08:32:46', 'SNJXN', '2005-01-24 20:06:48', '2007-05-16 17:11:29', 'have') ,  ('n', '2005-02-05 05:35:27', -1390280704, 'that\'s', 9, 1, '2000-06-19 20:49:29', 'hey', '2008-12-02 19:16:27', '2001-09-08 14:22:11', 'd') ,  ('t', '2009-03-06 21:01:20', -2055340032, 'see', 10, 9, '2006-03-18 09:07:59', 'a', '2005-11-04 16:16:42', '2007-09-23 05:45:13', 'RMOAP') ;
SELECT DISTINCT GRANDPARENT1 . col_varchar_10 AS G1 FROM J AS GRANDPARENT1 LEFT JOIN C AS GRANDPARENT2 USING ( col_varchar_10 ) WHERE GRANDPARENT1 . `pk` IN ( SELECT  PARENT1 . `pk` AS P1 FROM J AS PARENT1   ) AND GRANDPARENT1 . `col_varchar_20` > 'e' HAVING G1 > '2004-08-03' ORDER BY GRANDPARENT1 . col_varchar_10 LIMIT 1;
G1
DQNNE
