drop table if exists t1;
create table t1(a int, b int);
insert into t1 values(1,2),(1,3),(5,0),(4,5),(7,8),(4,2),(5,3);
select a from t1 group by a;
a
1
4
5
7
select a from t1 group by a desc;
a
7
5
4
1
select a,b from t1 group by a,b;
a	b
1	2
1	3
5	0
4	5
7	8
4	2
5	3
select a,b from t1 group by a,b desc;
a	b
1	3
1	2
4	5
4	2
5	3
5	0
7	8
select a from t1 group by a order by a desc;
a
7
5
4
1
select a from t1 group by a desc order by a asc;
a
1
4
5
7
select a,b from t1 group by a,b order by a desc, b asc;
a	b
7	8
5	0
5	3
4	2
4	5
1	2
1	3
select a,b from t1 group by a,b desc order by a desc, b asc;
a	b
7	8
5	0
5	3
4	2
4	5
1	2
1	3
drop table t1;
