drop table if exists t1, t2, t3;
create table t1(c1 int primary key, c2 int, c3 int, c4 int);
insert into t1 values (1,1,1,1),(2,1,1,2),(3,1,1,1),(4,1,2,1),(5,1,2,2),(6,2,3,1),(7,2,3,4),(8,2,3,3),(9,2,3,4);
select c2, c3, sum(c4), min(c4), max(c4), avg(c4), count(c4), count(*) from t1 group by c2, c3 with rollup;
c2	c3	sum(c4)	min(c4)	max(c4)	avg(c4)	count(c4)	count(*)
1	1	4	1	2	1.3333	3	3
1	2	3	1	2	1.5000	2	2
1	NULL	7	1	2	1.4000	5	5
2	3	12	1	4	3.0000	4	4
2	NULL	12	1	4	3.0000	4	4
NULL	NULL	19	1	4	2.1111	9	9
select c2, c3, sum(distinct c4), min(distinct c4), max(distinct c4), avg(distinct c4), count(distinct c4) from t1 group by c2, c3 with rollup;
c2	c3	sum(distinct c4)	min(distinct c4)	max(distinct c4)	avg(distinct c4)	count(distinct c4)
1	1	3	1	2	1.5000	2
1	2	3	1	2	1.5000	2
1	NULL	3	1	2	1.5000	2
2	3	8	1	4	2.6667	3
2	NULL	8	1	4	2.6667	3
NULL	NULL	10	1	4	2.5000	4
select c2, c3, sum(c1+c4), sum(distinct(c1+c4)) from t1 group by c2, c3 with rollup;
c2	c3	sum(c1+c4)	sum(distinct(c1+c4))
1	1	10	6
1	2	12	12
1	NULL	22	18
2	3	42	31
2	NULL	42	31
NULL	NULL	64	42
select c2, c3, c1, avg(c4) from t1 group by c2, c3 with rollup;
c2	c3	c1	avg(c4)
1	1	1	1.3333
1	2	4	1.5000
1	NULL	4	1.4000
2	3	6	3.0000
2	NULL	6	3.0000
NULL	NULL	6	2.1111
select c2, avg(c4) from t1 group by c2, c3 with rollup;
c2	avg(c4)
1	1.3333
1	1.5000
1	1.4000
2	3.0000
2	3.0000
NULL	2.1111
select c2, c3, group_concat(c4), group_concat(distinct c4) from t1 group by c2, c3 with rollup;
c2	c3	group_concat(c4)	group_concat(distinct c4)
1	1	1,2,1	1,2
1	2	1,2	1,2
1	NULL	1,2,1,1,2	1,2
2	3	1,4,3,4	1,3,4
2	NULL	1,4,3,4	1,3,4
NULL	NULL	1,2,1,1,2,1,4,3,4	1,2,3,4
select c2, c3, group_concat(c4 order by c4), group_concat(distinct c4 order by c4) from t1 group by c2, c3 with rollup;
c2	c3	group_concat(c4 order by c4)	group_concat(distinct c4 order by c4)
1	1	1,1,2	1,2
1	2	1,2	1,2
1	NULL	1,1,1,2,2	1,2
2	3	1,3,4,4	1,3,4
2	NULL	1,3,4,4	1,3,4
NULL	NULL	1,1,1,1,2,2,3,4,4	1,2,3,4
select c2, c3, group_concat(c4 order by c4 separator ':'), group_concat(distinct c4 order by c4 separator ':') from t1 group by c2, c3 with rollup;
c2	c3	group_concat(c4 order by c4 separator ':')	group_concat(distinct c4 order by c4 separator ':')
1	1	1:1:2	1:2
1	2	1:2	1:2
1	NULL	1:1:1:2:2	1:2
2	3	1:3:4:4	1:3:4
2	NULL	1:3:4:4	1:3:4
NULL	NULL	1:1:1:1:2:2:3:4:4	1:2:3:4
create table t2(c1 int primary key, c2 int, c3 int, c4 int);
insert into t2 values (1,1,1,1),(2,1,1,null),(3,1,1,1),(4,1,2,null),(5,1,2,null),(6,2,3,1),(7,2,3,4),(8,2,3,null),(9,2,3,4);
select c2, c3, sum(c4), min(c4), max(c4), avg(c4), count(c4), count(*), group_concat(c4) from t2 group by c2, c3 with rollup;
c2	c3	sum(c4)	min(c4)	max(c4)	avg(c4)	count(c4)	count(*)	group_concat(c4)
1	1	2	1	1	1.0000	2	3	1,1
1	2	NULL	NULL	NULL	NULL	0	2	NULL
1	NULL	2	1	1	1.0000	2	5	1,1
2	3	9	1	4	3.0000	3	4	1,4,4
2	NULL	9	1	4	3.0000	3	4	1,4,4
NULL	NULL	11	1	4	2.2000	5	9	1,1,1,4,4
create table t3(c1 int primary key, c2 int, c3 int, c4 int);
insert into t3 values (1,1,1,1),(2,1,1,2),(3,1,1,1),(4,1,null,1),(5,1,null,2),(6,2,3,1),(7,2,3,4),(8,2,3,3),(9,2,3,4);
select c2, c3, sum(c4), min(c4), avg(c4) from t3 group by c2, c3 with rollup;
c2	c3	sum(c4)	min(c4)	avg(c4)
1	NULL	3	1	1.5000
1	1	4	1	1.3333
1	NULL	7	1	1.4000
2	3	12	1	3.0000
2	NULL	12	1	3.0000
NULL	NULL	19	1	2.1111
select c2, c3, sum(c4), min(c4), avg(c4) from t3 group by c2, c3 with rollup order by c2, c3;
c2	c3	sum(c4)	min(c4)	avg(c4)
NULL	NULL	19	1	2.1111
1	NULL	3	1	1.5000
1	NULL	7	1	1.4000
1	1	4	1	1.3333
2	NULL	12	1	3.0000
2	3	12	1	3.0000
select * from (select c2, c3, sum(c4), min(c4), avg(c4) from t3 group by c2, c3 with rollup) as derived order by c2, c3;
c2	c3	sum(c4)	min(c4)	avg(c4)
NULL	NULL	19	1	2.1111
1	NULL	3	1	1.5000
1	NULL	7	1	1.4000
1	1	4	1	1.3333
2	NULL	12	1	3.0000
2	3	12	1	3.0000
drop table t1, t2, t3;
