drop table if exists t1,t2,t3;
CREATE TABLE t1 (pk int primary key, a int, b int, c int);
INSERT INTO t1 (pk, a, b, c) VALUES
(1,1,1,1), (2,1,1,2), (3,1,1,3),
(4,1,2,1), (5,1,2,2), (6,1,2,3),
(7,1,3,1), (8,1,3,2), (9,1,3,3),
(10,2,1,1), (11,2,1,2), (12,2,1,3),
(13,2,2,1), (14,2,2,2), (15,2,2,3),
(16,2,3,1), (17,2,3,2), (18,2,3,3),
(19,3,1,1), (20,3,1,2), (21,3,1,3),
(22,3,2,1), (23,3,2,2), (24,3,2,3),
(25,3,3,1), (26,3,3,2), (27,3,3,3);
SELECT b/c as v, a FROM t1 ORDER BY v,a;
v	a
0.3333	1
0.3333	2
0.3333	3
0.5000	1
0.5000	2
0.5000	3
0.6667	1
0.6667	2
0.6667	3
1.0000	1
1.0000	1
1.0000	1
1.0000	2
1.0000	2
1.0000	2
1.0000	3
1.0000	3
1.0000	3
1.5000	1
1.5000	2
1.5000	3
2.0000	1
2.0000	2
2.0000	3
3.0000	1
3.0000	2
3.0000	3
SELECT b/c as v, SUM(a) FROM t1 GROUP BY v ORDER BY v;
v	SUM(a)
0.3333	6
0.5000	6
0.6667	6
1.0000	18
1.5000	6
2.0000	6
3.0000	6
SELECT SUM(a) as suma FROM t1 GROUP BY b/c ORDER BY suma;
suma
6
6
6
6
6
6
18
drop table t1;
create table t1(c1 int, c2 enum("c", "a","1"), c3 set("c", "a","1"));
insert into t1 values(1,1,1);
insert into t1 values(1,2,2);
insert into t1 values(2,3,3);
select c1, c2, c2 +0, c3, c3+0 from t1;
c1	c2	c2 +0	c3	c3+0
1	c	1	c	1
1	a	2	a	2
2	1	3	c,a	3
select /*+ tracing(2)*/distinct sum(c2) from (select c1, c2 from t1) y group by c1;
sum(c2)
3
select /*+ tracing(2)*/distinct sum(c3) from (select c1, c3 from t1) y group by c1;
sum(c3)
3
drop table t1;
