drop table if exists t;
create table t (c1 int primary key);
insert into t values (1), (2);
explain_protocol: 0
result_format: 4
set ob_enable_transformation='off';
(select sum((select sum((select sum((select sum((select sum((select sum((select sum((select sum((select sum((select sum((select sum((select sum((select sum((select sum((select sum((select sum((select sum((select sum((select sum((select sum((select sum((select sum((select sum((select sum((select sum((select sum((select sum((select sum((select sum((select sum((select sum((select sum((select sum((select sum((select sum((select sum((select sum((select sum((select sum((select sum((select sum((select sum((select sum((select sum((select sum((select sum((select sum((select sum((select sum((select sum((select sum((select sum((select sum((select sum((select sum((select sum((select sum((select sum((select sum((select sum((select sum((select sum((select sum((select sum(c1) from t)) from t)) from t)) from t)) from t)) from t)) from t)) from t)) from t)) from t)) from t)) from t)) from t)) from t)) from t)) from t)) from t)) from t)) from t)) from t)) from t)) from t)) from t)) from t)) from t)) from t)) from t)) from t)) from t)) from t)) from t)) from t)) from t)) from t)) from t)) from t)) from t)) from t)) from t)) from t)) from t)) from t)) from t)) from t)) from t)) from t)) from t)) from t)) from t)) from t)) from t)) from t)) from t)) from t)) from t)) from t)) from t)) from t)) from t)) from t)) from t)) from t)) from t)) from t);
+-----------------------------------------------------------------------------------------------------------------------------------------------------------------------------------------------------------------------------------------------------------------+
| sum((select sum((select sum((select sum((select sum((select sum((select sum((select sum((select sum((select sum((select sum((select sum((select sum((select sum((select sum((select sum((select sum((select sum((select sum((select sum((select sum((select sum |
+-----------------------------------------------------------------------------------------------------------------------------------------------------------------------------------------------------------------------------------------------------------------+
|                                                                                                                                                                                                                                            27670116110564327424 |
+-----------------------------------------------------------------------------------------------------------------------------------------------------------------------------------------------------------------------------------------------------------------+

set ob_enable_transformation='on';
(select sum((select sum((select sum((select sum((select sum((select sum((select sum((select sum((select sum((select sum((select sum((select sum((select sum((select sum((select sum((select sum((select sum((select sum((select sum((select sum((select sum((select sum((select sum((select sum((select sum((select sum((select sum((select sum((select sum((select sum((select sum((select sum((select sum((select sum((select sum((select sum((select sum((select sum((select sum((select sum((select sum((select sum((select sum((select sum((select sum((select sum((select sum((select sum((select sum((select sum((select sum((select sum((select sum((select sum((select sum((select sum((select sum((select sum((select sum((select sum((select sum((select sum((select sum((select sum((select sum(c1) from t)) from t)) from t)) from t)) from t)) from t)) from t)) from t)) from t)) from t)) from t)) from t)) from t)) from t)) from t)) from t)) from t)) from t)) from t)) from t)) from t)) from t)) from t)) from t)) from t)) from t)) from t)) from t)) from t)) from t)) from t)) from t)) from t)) from t)) from t)) from t)) from t)) from t)) from t)) from t)) from t)) from t)) from t)) from t)) from t)) from t)) from t)) from t)) from t)) from t)) from t)) from t)) from t)) from t)) from t)) from t)) from t)) from t)) from t)) from t)) from t)) from t)) from t)) from t)) from t);
ERROR 0A000: too many levels of subqueries not supported

drop table t;
