drop table if exists test;
create table test (c1 int , c2 char(5), c3 timestamp, c4 int, primary key(c1,c4)) partition by hash(c4) partitions 4;
insert into test values(1, 'li', now(), 1);
insert into test values(2, 'bi', now(), 2);
insert into test values(3, 'fi', now(), 3);
insert into test values(4, 'zi', now(), 4);
insert into test values(5,'li', now(), 5), (9, 'li', now(), 9),(13, 'li', now(), 13);
insert into test values(6,'li', now(), 6), (10, 'li', now(), 10),(14, 'li', now(), 14);
insert into test values(7,'li', now(), 7), (11, 'li', now(), 11),(15, 'li', now(), 15);
insert into test values(8,'li', now(), 8), (12, 'li', now(), 12),(16, 'li', now(), 16);
select c1,c2,c4 from test order by c1, c2;
c1	c2	c4
1	li	1
2	bi	2
3	fi	3
4	zi	4
5	li	5
6	li	6
7	li	7
8	li	8
9	li	9
10	li	10
11	li	11
12	li	12
13	li	13
14	li	14
15	li	15
16	li	16
update test set c4 = 17, c2 = 'lala' where c1 = 5 and c4=5;
drop table if exists test2;
create table test2(c1 int);
insert into test2 values(1),(2),(4);
update test set c4 = 21 where c1 in (select * from test2) and c4 = 17;
update test set c4 = 22 where c1 in (select * from test2) and c4 = 17;
update test set c4 = 18, c2 ='while' where c1 = 5 and c4 = 17;
update test set c3 = now();
drop table test;
