drop table if exists t1,t2;
create table t1(c1 int primary key, c2 varchar(20));
insert into t1 values (1,1),(2,2);
update /*+ hotspot */ t1 set c2='aaaa' where c1=1;
select * from t1;
c1	c2
1	aaaa
2	2
update /*+ hotspot */ t1 set c2='aaaa';
select * from t1;
c1	c2
1	aaaa
2	aaaa
replace into t1 values (0,'zzzz'),(1,'aaaa'),(2,'aaaa'),(3,'aaaa');
select * from t1;
c1	c2
0	zzzz
1	aaaa
2	aaaa
3	aaaa
update /*+ hotspot */ t1 set c2='aaaa' where c1=1;
select * from t1;
c1	c2
0	zzzz
1	aaaa
2	aaaa
3	aaaa
update /*+ hotspot */ t1 set c2='aaab' where c1=1;
select * from t1;
c1	c2
0	zzzz
1	aaab
2	aaaa
3	aaaa
update /*+ hotspot */ t1 set c2='aaac' where c1=1;
select * from t1;
c1	c2
0	zzzz
1	aaac
2	aaaa
3	aaaa
update /*+ hotspot*/ t1 set c2='aaad' where c2='aaaa';
select * from t1;
c1	c2
0	zzzz
1	aaac
2	aaad
3	aaad
drop table t1;
