drop table if exists t1;
create table t1(c1 int, c2 int);
update t1 set t.i=i+(SELECT MAX(i) FROM (SELECT 1) t);
ERROR 42S22: Unknown column 't.i' in 'field list'
update t1 set i = 1;
ERROR 42S22: Unknown column 'i' in 'field list'
insert into t1 (t1.c) values(1);
ERROR 42S22: Unknown column 't1.c' in 'field list'
insert into t1 (c) values(1);
ERROR 42S22: Unknown column 'c' in 'field list'
drop table t1;
