drop table if exists test;
create table test(pk1 int primary key, c1 int, c2 int);
create unique index i1 on test(c1,c2);
update test set c1=0 where pk1=0 limit 1;
select * from test;
pk1	c1	c2
update test set c1=0 where pk1=0  order by c2 asc limit 1;
select * from test;
pk1	c1	c2
